tag,hlj_id,requirement_id,model,version,confidence,context,validation_status,inferred,flagged,reason_for_flagged,token_length,rescue_score,rescue_notes,filtered,filter_reason
reconciliation,REQ-008-HLJ-Chunk_1-Item_2-v1.0,req-008,gpt41,tags_v1,,,none,yes,yes,"low_confidence, no_context, unvalidated",1,0.030,,Y,suspicious_and_no_semantic_match:0.030
configurability,REQ-008-HLJ-Chunk_1-Item_4-v1.0,req-008,gpt41,tags_v1,,,none,yes,yes,"low_confidence, no_context, unvalidated",1,0.143,,Y,suspicious_and_no_semantic_match:0.143
edge-case,REQ-008-HLJ-Chunk_1-Item_5-v1.0,req-008,gpt41,tags_v1,0.93,,none,no,yes,"no_context, unvalidated",1,0.060,,Y,suspicious_and_no_semantic_match:0.060
validation,REQ-008-HLJ-Chunk_1-Item_5-v1.0,req-008,gpt41,tags_v1,,,none,yes,yes,"low_confidence, no_context, unvalidated",1,0.188,,Y,suspicious_and_no_semantic_match:0.188
anomaly-detection,REQ-008-HLJ-Chunk_1-Item_7-v1.0,req-008,gpt41,tags_v1,,,none,yes,yes,"low_confidence, no_context, unvalidated",1,0.090,,Y,suspicious_and_no_semantic_match:0.090
transparency,REQ-008-HLJ-Chunk_1-Item_8-v1.0,req-008,gpt41,tags_v1,,,none,yes,yes,"low_confidence, no_context, unvalidated",1,0.046,,Y,suspicious_and_no_semantic_match:0.046
user-interface,REQ-008-HLJ-Chunk_1-Item_9-v1.0,req-008,gpt41,tags_v1,0.91,,none,no,yes,"no_context, unvalidated",1,0.161,,Y,suspicious_and_no_semantic_match:0.161
user-trust,REQ-008-HLJ-Chunk_1-Item_9-v1.0,req-008,gpt41,tags_v1,,,none,yes,yes,"low_confidence, no_context, unvalidated",1,0.116,,Y,suspicious_and_no_semantic_match:0.116
logs,REQ-008-HLJ-Chunk_2-Item_3-v1.0,req-008,gpt41,tags_v2,,,,no,yes,"low_confidence, no_context, unvalidated",1,0.113,,Y,suspicious_and_no_semantic_match:0.113
edge-case,REQ-008-HLJ-Chunk_2-Item_4-v1.0,req-008,gpt41,tags_v1,0.94,,none,no,yes,"no_context, unvalidated",1,0.060,,Y,suspicious_and_no_semantic_match:0.060
error-handling,REQ-008-HLJ-Chunk_2-Item_4-v1.0,req-008,gpt41,tags_v1,0.91,,none,no,yes,"no_context, unvalidated",1,0.079,,Y,suspicious_and_no_semantic_match:0.079
resilience,REQ-008-HLJ-Chunk_2-Item_4-v1.0,req-008,gpt41,tags_v1,,,none,yes,yes,"low_confidence, no_context, unvalidated",1,-0.006,,Y,suspicious_and_no_semantic_match:-0.006
critical-path,REQ-030-HLJ-Chunk_1-Item_2-v1.0,req-030,gpt41,tags_v1,0.9,,none,no,yes,"no_context, unvalidated",1,0.071,,Y,suspicious_and_no_semantic_match:0.071
artifact-retention,REQ-030-HLJ-Chunk_1-Item_5-v1.0,req-030,gpt41,tags_v1,0.85,,none,yes,yes,"no_context, unvalidated",1,0.074,,Y,suspicious_and_no_semantic_match:0.074
customization,REQ-006-HLJ-Chunk_1-Item_1-v1.0,req-006,gpt41,tags_v1,,,none,yes,yes,"low_confidence, no_context, unvalidated",1,0.063,,Y,suspicious_and_no_semantic_match:0.063
resilience,REQ-006-HLJ-Chunk_1-Item_2-v1.0,req-006,gpt41,tags_v1,,,none,yes,yes,"low_confidence, no_context, unvalidated",1,0.050,,Y,suspicious_and_no_semantic_match:0.050
usability,REQ-006-HLJ-Chunk_1-Item_3-v1.0,req-006,gpt41,tags_v1,0.87,,none,no,yes,"no_context, unvalidated",1,-0.021,,Y,suspicious_and_no_semantic_match:-0.021
usability,REQ-006-HLJ-Chunk_1-Item_5-v1.0,req-006,gpt41,tags_v1,0.89,,none,no,yes,"no_context, unvalidated",1,-0.021,,Y,suspicious_and_no_semantic_match:-0.021
usability,REQ-006-HLJ-Chunk_1-Item_8-v1.0,req-006,gpt41,tags_v1,0.91,,none,no,yes,"no_context, unvalidated",1,-0.021,,Y,suspicious_and_no_semantic_match:-0.021
abuse-detection,REQ-006-HLJ-Chunk_1-Item_10-v1.0,req-006,gpt41,tags_v1,0.94,,none,no,yes,"no_context, unvalidated",1,0.134,,Y,suspicious_and_no_semantic_match:0.134
usability,REQ-006-HLJ-Chunk_2-Item_1-v1.0,req-006,gpt41,tags_v1,0.89,,none,no,yes,"no_context, unvalidated",1,-0.021,,Y,suspicious_and_no_semantic_match:-0.021
resilience,REQ-006-HLJ-Chunk_2-Item_2-v1.0,req-006,gpt41,tags_v1,0.92,,none,no,yes,"no_context, unvalidated",1,0.050,,Y,suspicious_and_no_semantic_match:0.050
authentication,REQ-006-HLJ-Chunk_2-Item_3-v1.0,req-006,gpt41,tags_v1,,,none,yes,yes,"low_confidence, no_context, unvalidated",1,0.092,,Y,suspicious_and_no_semantic_match:0.092
safety,REQ-006-HLJ-Chunk_2-Item_5-v1.0,req-006,gpt41,tags_v1,,,none,yes,yes,"low_confidence, no_context, unvalidated",1,0.034,,Y,suspicious_and_no_semantic_match:0.034
usability,REQ-006-HLJ-Chunk_2-Item_6-v1.0,req-006,gpt41,tags_v1,0.89,,none,no,yes,"no_context, unvalidated",1,-0.021,,Y,suspicious_and_no_semantic_match:-0.021
education,REQ-006-HLJ-Chunk_2-Item_7-v1.0,req-006,gpt41,tags_v1,,,none,yes,yes,"low_confidence, no_context, unvalidated",1,-0.030,,Y,suspicious_and_no_semantic_match:-0.030
availability,REQ-001-HLJ-Chunk_1-Item_8-v1.0,req-001,gpt41,tags_v1,0.93,,none,no,yes,"no_context, unvalidated",1,0.179,,Y,suspicious_and_no_semantic_match:0.179
scalability,REQ-001-HLJ-Chunk_1-Item_9-v1.0,req-001,gpt41,tags_v1,0.94,,none,no,yes,"no_context, unvalidated",1,0.066,,Y,suspicious_and_no_semantic_match:0.066
resilience,REQ-007-HLJ-Chunk_1-Item_4-v1.0,req-007,gpt41,tags_v1,,,none,yes,yes,"low_confidence, no_context, unvalidated",1,0.060,,Y,suspicious_and_no_semantic_match:0.060
manualreview,REQ-007-HLJ-Chunk_1-Item_7-v1.0,req-007,gpt41,tags_v1,0.88,,none,no,yes,"no_context, unvalidated",1,0.077,,Y,suspicious_and_no_semantic_match:0.077
exception,REQ-007-HLJ-Chunk_1-Item_7-v1.0,req-007,gpt41,tags_v1,,,none,yes,yes,"low_confidence, no_context, unvalidated",1,0.058,,Y,suspicious_and_no_semantic_match:0.058
usability,REQ-007-HLJ-Chunk_1-Item_10-v1.0,req-007,gpt41,tags_v1,0.9,,none,no,yes,"no_context, unvalidated",1,0.108,,Y,suspicious_and_no_semantic_match:0.108
ux,REQ-007-HLJ-Chunk_1-Item_10-v1.0,req-007,gpt41,tags_v1,0.89,,none,no,yes,"no_context, unvalidated",1,0.142,,Y,suspicious_and_no_semantic_match:0.142
transparency,REQ-007-HLJ-Chunk_1-Item_10-v1.0,req-007,gpt41,tags_v1,,,none,yes,yes,"low_confidence, no_context, unvalidated",1,0.086,,Y,suspicious_and_no_semantic_match:0.086
usability,REQ-009-HLJ-Chunk_1-Item_1-v1.0,req-009,gpt41,tags_v1,,,none,yes,yes,"low_confidence, no_context, unvalidated",1,-0.007,,Y,suspicious_and_no_semantic_match:-0.007
risk management,REQ-009-HLJ-Chunk_1-Item_2-v1.0,req-009,gpt41,tags_v1,,,none,yes,yes,"low_confidence, no_context, unvalidated",2,0.110,,Y,suspicious_and_no_semantic_match:0.110
integrations,REQ-009-HLJ-Chunk_1-Item_4-v1.0,req-009,gpt41,tags_v1,,,none,yes,yes,"low_confidence, no_context, unvalidated",1,0.081,,Y,suspicious_and_no_semantic_match:0.081
fallback,REQ-009-HLJ-Chunk_1-Item_5-v1.0,req-009,gpt41,tags_v1,,,none,yes,yes,"low_confidence, no_context, unvalidated",1,0.030,,Y,suspicious_and_no_semantic_match:0.030
traceability,REQ-009-HLJ-Chunk_1-Item_6-v1.0,req-009,gpt41,tags_v1,,,none,yes,yes,"low_confidence, no_context, unvalidated",1,0.055,,Y,suspicious_and_no_semantic_match:0.055
user confirmation,REQ-009-HLJ-Chunk_1-Item_7-v1.0,req-009,gpt41,tags_v1,,,none,yes,yes,"low_confidence, no_context, unvalidated",2,0.114,,Y,suspicious_and_no_semantic_match:0.114
abuse prevention,REQ-009-HLJ-Chunk_1-Item_9-v1.0,req-009,gpt41,tags_v1,0.92,,none,no,yes,"no_context, unvalidated",2,0.069,,Y,suspicious_and_no_semantic_match:0.069
regulatory reporting,REQ-009-HLJ-Chunk_1-Item_10-v1.0,req-009,gpt41,tags_v1,,,none,yes,yes,"low_confidence, no_context, unvalidated",2,0.189,,Y,suspicious_and_no_semantic_match:0.189
messaging,REQ-009-HLJ-Chunk_2-Item_2-v1.0,req-009,gpt41,tags_v1,,,none,yes,yes,"low_confidence, no_context, unvalidated",1,0.064,,Y,suspicious_and_no_semantic_match:0.064
outage-handling,REQ-009-HLJ-Chunk_2-Item_4-v1.0,req-009,gpt41,tags_v1,,,none,yes,yes,"low_confidence, no_context, unvalidated",1,0.194,,Y,suspicious_and_no_semantic_match:0.194
error handling,REQ-009-HLJ-Chunk_2-Item_5-v1.0,req-009,gpt41,tags_v1,0.9,,none,no,yes,"no_context, unvalidated",2,0.061,,Y,suspicious_and_no_semantic_match:0.061
integrations,REQ-009-HLJ-Chunk_2-Item_6-v1.0,req-009,gpt41,tags_v1,,,none,yes,yes,"low_confidence, no_context, unvalidated",1,0.081,,Y,suspicious_and_no_semantic_match:0.081
reliability,REQ-009-HLJ-Chunk_2-Item_7-v1.0,req-009,gpt41,tags_v1,,,none,yes,yes,"low_confidence, no_context, unvalidated",1,0.033,,Y,suspicious_and_no_semantic_match:0.033
usability,REQ-009-HLJ-Chunk_2-Item_8-v1.0,req-009,gpt41,tags_v1,0.87,,none,no,yes,"no_context, unvalidated",1,-0.007,,Y,suspicious_and_no_semantic_match:-0.007
usability,REQ-009-HLJ-Chunk_2-Item_9-v1.0,req-009,gpt41,tags_v1,0.91,,none,no,yes,"no_context, unvalidated",1,-0.007,,Y,suspicious_and_no_semantic_match:-0.007
modularity,REQ-009-HLJ-Chunk_2-Item_10-v1.0,req-009,gpt41,tags_v1,0.91,,none,no,yes,"no_context, unvalidated",1,0.021,,Y,suspicious_and_no_semantic_match:0.021
coverage,REQ-014-HLJ-Chunk_1-Item_1-v1.0,req-014,gpt41,tags_v1,,,none,yes,yes,"low_confidence, no_context, unvalidated",1,0.079,,Y,suspicious_and_no_semantic_match:0.079
coverage,REQ-014-HLJ-Chunk_1-Item_3-v1.0,req-014,gpt41,tags_v1,0.9,,none,no,yes,"no_context, unvalidated",1,0.079,,Y,suspicious_and_no_semantic_match:0.079
logs,REQ-014-HLJ-Chunk_1-Item_9-v1.0,req-014,gpt41,tags_v2,,,,no,yes,"low_confidence, no_context, unvalidated",1,0.082,,Y,suspicious_and_no_semantic_match:0.082
traceability,REQ-013-HLJ-Chunk_1-Item_2-v1.0,req-013,gpt41,tags_v1,,,none,yes,yes,"low_confidence, no_context, unvalidated",1,0.162,,Y,suspicious_and_no_semantic_match:0.162
flexibility,REQ-013-HLJ-Chunk_1-Item_3-v1.0,req-013,gpt41,tags_v1,,,none,yes,yes,"low_confidence, no_context, unvalidated",1,0.020,,Y,suspicious_and_no_semantic_match:0.020
recovery,REQ-013-HLJ-Chunk_1-Item_6-v1.0,req-013,gpt41,tags_v1,,,none,yes,yes,"low_confidence, no_context, unvalidated",1,0.194,,Y,suspicious_and_no_semantic_match:0.194
traceability,REQ-013-HLJ-Chunk_1-Item_7-v1.0,req-013,gpt41,tags_v1,,,none,yes,yes,"low_confidence, no_context, unvalidated",1,0.162,,Y,suspicious_and_no_semantic_match:0.162
analytics,REQ-013-HLJ-Chunk_1-Item_9-v1.0,req-013,gpt41,tags_v1,,,none,yes,yes,"low_confidence, no_context, unvalidated",1,0.130,,Y,suspicious_and_no_semantic_match:0.130
monitoring,REQ-013-HLJ-Chunk_1-Item_10-v1.0,req-013,gpt41,tags_v1,,,none,yes,yes,"low_confidence, no_context, unvalidated",1,0.182,,Y,suspicious_and_no_semantic_match:0.182
transparency,REQ-013-HLJ-Chunk_2-Item_1-v1.0,req-013,gpt41,tags_v1,,,none,yes,yes,"low_confidence, no_context, unvalidated",1,0.070,,Y,suspicious_and_no_semantic_match:0.070
cicd,REQ-025-HLJ-Chunk_1-Item_6-v1.0,req-025,gpt41,tags_v1,0.93,,none,no,yes,"no_context, unvalidated",1,0.035,,Y,suspicious_and_no_semantic_match:0.035
automation,REQ-025-HLJ-Chunk_1-Item_7-v1.0,req-025,gpt41,tags_v1,0.89,,none,no,yes,"no_context, unvalidated",1,0.184,,Y,suspicious_and_no_semantic_match:0.184
usability,REQ-022-HLJ-Chunk_1-Item_4-v1.0,req-022,gpt41,tags_v1,,,none,yes,yes,"low_confidence, no_context, unvalidated",1,0.043,,Y,suspicious_and_no_semantic_match:0.043
historical,REQ-022-HLJ-Chunk_1-Item_6-v1.0,req-022,gpt41,tags_v1,0.91,,none,no,yes,"no_context, unvalidated",1,0.038,,Y,suspicious_and_no_semantic_match:0.038
integrity,REQ-022-HLJ-Chunk_1-Item_6-v1.0,req-022,gpt41,tags_v1,,,none,yes,yes,"low_confidence, no_context, unvalidated",1,0.182,,Y,suspicious_and_no_semantic_match:0.182
alerting,REQ-022-HLJ-Chunk_1-Item_7-v1.0,req-022,gpt41,tags_v1,,,none,yes,yes,"low_confidence, no_context, unvalidated",1,0.050,,Y,suspicious_and_no_semantic_match:0.050
enablement,REQ-022-HLJ-Chunk_1-Item_8-v1.0,req-022,gpt41,tags_v1,,,none,yes,yes,"low_confidence, no_context, unvalidated",1,0.095,,Y,suspicious_and_no_semantic_match:0.095
fault-tolerance,REQ-023-HLJ-Chunk_1-Item_5-v1.0,req-023,gpt41,tags_v1,0.93,,none,no,yes,"no_context, unvalidated",1,0.180,,Y,suspicious_and_no_semantic_match:0.180
alerting,REQ-023-HLJ-Chunk_1-Item_7-v1.0,req-023,gpt41,tags_v1,0.97,,none,no,yes,"no_context, unvalidated",1,0.155,,Y,suspicious_and_no_semantic_match:0.155
automation,REQ-023-HLJ-Chunk_1-Item_7-v1.0,req-023,gpt41,tags_v1,,,none,yes,yes,"low_confidence, no_context, unvalidated",1,0.154,,Y,suspicious_and_no_semantic_match:0.154
communication,REQ-023-HLJ-Chunk_1-Item_8-v1.0,req-023,gpt41,tags_v1,0.94,,none,no,yes,"no_context, unvalidated",1,-0.011,,Y,suspicious_and_no_semantic_match:-0.011
user-option,REQ-023-HLJ-Chunk_1-Item_8-v1.0,req-023,gpt41,tags_v1,0.92,,none,no,yes,"no_context, unvalidated",1,0.197,,Y,suspicious_and_no_semantic_match:0.197
data-protection,REQ-023-HLJ-Chunk_1-Item_9-v1.0,req-023,gpt41,tags_v1,,,none,yes,yes,"low_confidence, no_context, unvalidated",1,0.191,,Y,suspicious_and_no_semantic_match:0.191
event-logging,REQ-023-HLJ-Chunk_1-Item_10-v1.0,req-023,gpt41,tags_v1,,,none,yes,yes,"low_confidence, no_context, unvalidated",1,0.165,,Y,suspicious_and_no_semantic_match:0.165
a/b testing,REQ-024-HLJ-Chunk_1-Item_6-v1.0,req-024,gpt41,tags_v1,0.93,title,direct,no,no,,2,0.072,,Y,suspicious_and_no_semantic_match:0.072
a/b testing,REQ-024-HLJ-Chunk_1-Item_6-v1.0,req-024,gpt41,tags_v2,0.93,title,direct,no,no,,2,0.072,,Y,suspicious_and_no_semantic_match:0.072
logging,REQ-024-HLJ-Chunk_1-Item_10-v1.0,req-024,gpt41,tags_v1,0.93,,none,no,yes,"no_context, unvalidated",1,0.192,,Y,suspicious_and_no_semantic_match:0.192
help-center,REQ-024-HLJ-Chunk_2-Item_4-v1.0,req-024,gpt41,tags_v1,0.9,,none,no,yes,"no_context, unvalidated",1,0.147,,Y,suspicious_and_no_semantic_match:0.147
automation,REQ-012-HLJ-Chunk_1-Item_1-v1.0,req-012,gpt41,tags_v1,,,none,yes,yes,"low_confidence, no_context, unvalidated",1,0.032,,Y,suspicious_and_no_semantic_match:0.032
transparency,REQ-012-HLJ-Chunk_1-Item_4-v1.0,req-012,gpt41,tags_v1,,,none,yes,yes,"low_confidence, no_context, unvalidated",1,0.019,,Y,suspicious_and_no_semantic_match:0.019
automation,REQ-012-HLJ-Chunk_1-Item_10-v1.0,req-012,gpt41,tags_v1,,,none,yes,yes,"low_confidence, no_context, unvalidated",1,0.032,,Y,suspicious_and_no_semantic_match:0.032
usability,REQ-012-HLJ-Chunk_2-Item_3-v1.0,req-012,gpt41,tags_v1,0.87,,none,no,yes,"no_context, unvalidated",1,-0.075,,Y,suspicious_and_no_semantic_match:-0.075
usability,REQ-015-HLJ-Chunk_1-Item_3-v1.0,req-015,gpt41,tags_v1,,,none,yes,yes,"low_confidence, no_context, unvalidated",1,0.172,,Y,suspicious_and_no_semantic_match:0.172
error-handling,REQ-015-HLJ-Chunk_1-Item_5-v1.0,req-015,gpt41,tags_v1,0.91,,none,no,yes,"no_context, unvalidated",1,0.185,,Y,suspicious_and_no_semantic_match:0.185
usability,REQ-015-HLJ-Chunk_1-Item_8-v1.0,req-015,gpt41,tags_v1,0.95,,none,no,yes,"no_context, unvalidated",1,0.172,,Y,suspicious_and_no_semantic_match:0.172
auditing,REQ-015-HLJ-Chunk_2-Item_1-v1.0,req-015,gpt41,tags_v1,,,none,yes,yes,"low_confidence, no_context, unvalidated",1,0.191,,Y,suspicious_and_no_semantic_match:0.191
rate-limiting,REQ-015-HLJ-Chunk_2-Item_2-v1.0,req-015,gpt41,tags_v1,0.97,,none,no,yes,"no_context, unvalidated",1,0.056,,Y,suspicious_and_no_semantic_match:0.056
performance,REQ-015-HLJ-Chunk_2-Item_2-v1.0,req-015,gpt41,tags_v1,0.91,,none,no,yes,"no_context, unvalidated",1,0.026,,Y,suspicious_and_no_semantic_match:0.026
dependency,REQ-015-HLJ-Chunk_2-Item_5-v1.0,req-015,gpt41,tags_v1,0.92,,none,no,yes,"no_context, unvalidated",1,0.018,,Y,suspicious_and_no_semantic_match:0.018
scalability,REQ-015-HLJ-Chunk_2-Item_6-v1.0,req-015,gpt41,tags_v1,0.97,,none,no,yes,"no_context, unvalidated",1,0.080,,Y,suspicious_and_no_semantic_match:0.080
usability,REQ-002-HLJ-Chunk_1-Item_1-v1.0,req-002,gpt41,tags_v1,0.92,,none,no,yes,"no_context, unvalidated",1,0.126,,Y,suspicious_and_no_semantic_match:0.126
usability,REQ-002-HLJ-Chunk_1-Item_3-v1.0,req-002,gpt41,tags_v1,0.91,,none,no,yes,"no_context, unvalidated",1,0.126,,Y,suspicious_and_no_semantic_match:0.126
usability,REQ-002-HLJ-Chunk_1-Item_5-v1.0,req-002,gpt41,tags_v1,0.88,,none,no,yes,"no_context, unvalidated",1,0.126,,Y,suspicious_and_no_semantic_match:0.126
maintainability,REQ-002-HLJ-Chunk_1-Item_6-v1.0,req-002,gpt41,tags_v1,0.86,,none,no,yes,"no_context, unvalidated",1,0.117,,Y,suspicious_and_no_semantic_match:0.117
maintainability,REQ-002-HLJ-Chunk_1-Item_10-v1.0,req-002,gpt41,tags_v1,0.89,,none,no,yes,"no_context, unvalidated",1,0.117,,Y,suspicious_and_no_semantic_match:0.117
usability,REQ-002-HLJ-Chunk_1-Item_10-v1.0,req-002,gpt41,tags_v1,0.87,,none,no,yes,"no_context, unvalidated",1,0.126,,Y,suspicious_and_no_semantic_match:0.126
frontend,REQ-005-HLJ-Chunk_1-Item_1-v1.0,req-005,gpt41,tags_v1,0.9,,none,no,yes,"no_context, unvalidated",1,0.082,,Y,suspicious_and_no_semantic_match:0.082
accessibility,REQ-005-HLJ-Chunk_1-Item_2-v1.0,req-005,gpt41,tags_v1,,,none,yes,yes,"low_confidence, no_context, unvalidated",1,0.171,,Y,suspicious_and_no_semantic_match:0.171
error_handling,REQ-005-HLJ-Chunk_1-Item_3-v1.0,req-005,gpt41,tags_v1,0.89,,none,no,yes,"no_context, unvalidated",1,0.027,,Y,suspicious_and_no_semantic_match:0.027
reliability,REQ-005-HLJ-Chunk_2-Item_1-v1.0,req-005,gpt41,tags_v1,,,none,yes,yes,"low_confidence, no_context, unvalidated",1,0.095,,Y,suspicious_and_no_semantic_match:0.095
integration,REQ-005-HLJ-Chunk_2-Item_2-v1.0,req-005,gpt41,tags_v1,0.92,,none,no,yes,"no_context, unvalidated",1,-0.021,,Y,suspicious_and_no_semantic_match:-0.021
consistency,REQ-005-HLJ-Chunk_2-Item_2-v1.0,req-005,gpt41,tags_v1,,,none,yes,yes,"low_confidence, no_context, unvalidated",1,0.112,,Y,suspicious_and_no_semantic_match:0.112
logging,REQ-005-HLJ-Chunk_2-Item_4-v1.0,req-005,gpt41,tags_v1,,,none,yes,yes,"low_confidence, no_context, unvalidated",1,0.081,,Y,suspicious_and_no_semantic_match:0.081
resilience,REQ-005-HLJ-Chunk_2-Item_5-v1.0,req-005,gpt41,tags_v1,0.9,,none,no,yes,"no_context, unvalidated",1,0.115,,Y,suspicious_and_no_semantic_match:0.115
user-notification,REQ-005-HLJ-Chunk_2-Item_5-v1.0,req-005,gpt41,tags_v1,,,none,yes,yes,"low_confidence, no_context, unvalidated",1,0.133,,Y,suspicious_and_no_semantic_match:0.133
consistency,REQ-005-HLJ-Chunk_2-Item_6-v1.0,req-005,gpt41,tags_v1,0.91,,none,no,yes,"no_context, unvalidated",1,0.112,,Y,suspicious_and_no_semantic_match:0.112
error_handling,REQ-005-HLJ-Chunk_2-Item_6-v1.0,req-005,gpt41,tags_v1,0.92,,none,no,yes,"no_context, unvalidated",1,0.027,,Y,suspicious_and_no_semantic_match:0.027
consistency,REQ-005-HLJ-Chunk_2-Item_7-v1.0,req-005,gpt41,tags_v1,0.9,,none,no,yes,"no_context, unvalidated",1,0.112,,Y,suspicious_and_no_semantic_match:0.112
error_handling,REQ-005-HLJ-Chunk_2-Item_7-v1.0,req-005,gpt41,tags_v1,0.89,,none,no,yes,"no_context, unvalidated",1,0.027,,Y,suspicious_and_no_semantic_match:0.027
concurrency,REQ-005-HLJ-Chunk_2-Item_7-v1.0,req-005,gpt41,tags_v1,,,none,yes,yes,"low_confidence, no_context, unvalidated",1,0.169,,Y,suspicious_and_no_semantic_match:0.169
regulation,REQ-005-HLJ-Chunk_2-Item_10-v1.0,req-005,gpt41,tags_v1,0.94,,none,no,yes,"no_context, unvalidated",1,0.172,,Y,suspicious_and_no_semantic_match:0.172
edge-case,REQ-004-HLJ-Chunk_1-Item_8-v1.0,req-004,gpt41,tags_v1,0.79,,none,no,yes,"no_context, unvalidated",1,-0.059,,Y,suspicious_and_no_semantic_match:-0.059
multi-user,REQ-004-HLJ-Chunk_1-Item_8-v1.0,req-004,gpt41,tags_v1,,,none,yes,yes,"low_confidence, no_context, unvalidated",1,0.096,,Y,suspicious_and_no_semantic_match:0.096
real-time,REQ-004-HLJ-Chunk_2-Item_3-v1.0,req-004,gpt41,tags_v1,0.92,,none,no,yes,"no_context, unvalidated",1,-0.025,,Y,suspicious_and_no_semantic_match:-0.025
configurability,REQ-003-HLJ-Chunk_1-Item_1-v1.0,req-003,gpt41,tags_v1,,,none,yes,yes,"low_confidence, no_context, unvalidated",1,0.097,,Y,suspicious_and_no_semantic_match:0.097
customization,REQ-003-HLJ-Chunk_1-Item_2-v1.0,req-003,gpt41,tags_v1,,,none,yes,yes,"low_confidence, no_context, unvalidated",1,0.118,,Y,suspicious_and_no_semantic_match:0.118
maintainability,REQ-003-HLJ-Chunk_1-Item_6-v1.0,req-003,gpt41,tags_v1,,,none,yes,yes,"low_confidence, no_context, unvalidated",1,0.060,,Y,suspicious_and_no_semantic_match:0.060
usability,REQ-003-HLJ-Chunk_1-Item_7-v1.0,req-003,gpt41,tags_v1,0.89,,none,no,yes,"no_context, unvalidated",1,0.124,,Y,suspicious_and_no_semantic_match:0.124
data-minimization,REQ-003-HLJ-Chunk_1-Item_10-v1.0,req-003,gpt41,tags_v1,,,none,yes,yes,"low_confidence, no_context, unvalidated",1,0.084,,Y,suspicious_and_no_semantic_match:0.084
visibility,REQ-010-HLJ-Chunk_1-Item_6-v1.0,req-010,gpt41,tags_v1,0.92,,none,no,yes,"no_context, unvalidated",1,0.094,,Y,suspicious_and_no_semantic_match:0.094
tooling,REQ-010-HLJ-Chunk_1-Item_9-v1.0,req-010,gpt41,tags_v1,0.92,,none,no,yes,"no_context, unvalidated",1,0.071,,Y,suspicious_and_no_semantic_match:0.071
access-control,REQ-010-HLJ-Chunk_2-Item_2-v1.0,req-010,gpt41,tags_v1,0.92,,none,no,yes,"no_context, unvalidated",1,0.129,,Y,suspicious_and_no_semantic_match:0.129
edge-case,REQ-028-HLJ-Chunk_1-Item_5-v1.0,req-028,gpt41,tags_v1,0.92,,none,no,yes,"no_context, unvalidated",1,0.140,,Y,suspicious_and_no_semantic_match:0.140
tone-analysis,REQ-028-HLJ-Chunk_1-Item_5-v1.0,req-028,gpt41,tags_v1,,,none,yes,yes,"low_confidence, no_context, unvalidated",1,0.176,,Y,suspicious_and_no_semantic_match:0.176
continuous-learning,REQ-028-HLJ-Chunk_1-Item_6-v1.0,req-028,gpt41,tags_v1,0.92,,none,no,yes,"no_context, unvalidated",1,0.163,,Y,suspicious_and_no_semantic_match:0.163
retraining,REQ-028-HLJ-Chunk_1-Item_6-v1.0,req-028,gpt41,tags_v1,,,none,yes,yes,"low_confidence, no_context, unvalidated",1,0.104,,Y,suspicious_and_no_semantic_match:0.104
latency,REQ-028-HLJ-Chunk_1-Item_7-v1.0,req-028,gpt41,tags_v1,,,none,yes,yes,"low_confidence, no_context, unvalidated",1,0.129,,Y,suspicious_and_no_semantic_match:0.129
usability,REQ-028-HLJ-Chunk_1-Item_8-v1.0,req-028,gpt41,tags_v1,0.85,,none,no,yes,"no_context, unvalidated",1,0.176,,Y,suspicious_and_no_semantic_match:0.176
change-management,REQ-028-HLJ-Chunk_1-Item_8-v1.0,req-028,gpt41,tags_v1,0.87,,none,no,yes,"no_context, unvalidated",1,0.137,,Y,suspicious_and_no_semantic_match:0.137
traceability,REQ-028-HLJ-Chunk_2-Item_1-v1.0,req-028,gpt41,tags_v1,,,none,yes,yes,"low_confidence, no_context, unvalidated",1,0.118,,Y,suspicious_and_no_semantic_match:0.118
privacy,REQ-028-HLJ-Chunk_2-Item_2-v1.0,req-028,gpt41,tags_v1,,,none,yes,yes,"low_confidence, no_context, unvalidated",1,0.023,,Y,suspicious_and_no_semantic_match:0.023
finance,REQ-017-HLJ-Chunk_1-Item_1-v1.0,req-017,gpt41,tags_v1,,,none,yes,yes,"low_confidence, no_context, unvalidated",1,0.179,,Y,suspicious_and_no_semantic_match:0.179
scheduling,REQ-017-HLJ-Chunk_1-Item_2-v1.0,req-017,gpt41,tags_v1,,,none,yes,yes,"low_confidence, no_context, unvalidated",1,0.164,,Y,suspicious_and_no_semantic_match:0.164
transparency,REQ-017-HLJ-Chunk_1-Item_4-v1.0,req-017,gpt41,tags_v1,,,none,yes,yes,"low_confidence, no_context, unvalidated",1,0.019,,Y,suspicious_and_no_semantic_match:0.019
period-alignment,REQ-017-HLJ-Chunk_1-Item_5-v1.0,req-017,gpt41,tags_v1,,,none,yes,yes,"low_confidence, no_context, unvalidated",1,0.153,,Y,suspicious_and_no_semantic_match:0.153
fraud,REQ-017-HLJ-Chunk_1-Item_6-v1.0,req-017,gpt41,tags_v1,,,none,yes,yes,"low_confidence, no_context, unvalidated",1,0.172,,Y,suspicious_and_no_semantic_match:0.172
communication,REQ-017-HLJ-Chunk_1-Item_7-v1.0,req-017,gpt41,tags_v1,,,none,yes,yes,"low_confidence, no_context, unvalidated",1,-0.027,,Y,suspicious_and_no_semantic_match:-0.027
anomaly-detection,REQ-017-HLJ-Chunk_1-Item_8-v1.0,req-017,gpt41,tags_v1,,,none,yes,yes,"low_confidence, no_context, unvalidated",1,0.071,,Y,suspicious_and_no_semantic_match:0.071
enablement,REQ-017-HLJ-Chunk_1-Item_9-v1.0,req-017,gpt41,tags_v1,,,none,yes,yes,"low_confidence, no_context, unvalidated",1,0.020,,Y,suspicious_and_no_semantic_match:0.020
compliance,REQ-017-HLJ-Chunk_1-Item_10-v1.0,req-017,gpt41,tags_v1,,,none,yes,yes,"low_confidence, no_context, unvalidated",1,0.163,,Y,suspicious_and_no_semantic_match:0.163
automation,REQ-019-HLJ-Chunk_1-Item_2-v1.0,req-019,gpt41,tags_v1,0.91,,none,no,yes,"no_context, unvalidated",1,0.040,,Y,suspicious_and_no_semantic_match:0.040
usability,REQ-019-HLJ-Chunk_1-Item_4-v1.0,req-019,gpt41,tags_v1,0.9,,none,no,yes,"no_context, unvalidated",1,0.126,,Y,suspicious_and_no_semantic_match:0.126
configurability,REQ-019-HLJ-Chunk_1-Item_4-v1.0,req-019,gpt41,tags_v1,,,none,yes,yes,"low_confidence, no_context, unvalidated",1,0.077,,Y,suspicious_and_no_semantic_match:0.077
comparison,REQ-019-HLJ-Chunk_1-Item_6-v1.0,req-019,gpt41,tags_v1,,,none,yes,yes,"low_confidence, no_context, unvalidated",1,0.044,,Y,suspicious_and_no_semantic_match:0.044
interoperability,REQ-019-HLJ-Chunk_1-Item_7-v1.0,req-019,gpt41,tags_v1,,,none,yes,yes,"low_confidence, no_context, unvalidated",1,-0.049,,Y,suspicious_and_no_semantic_match:-0.049
edge-case,REQ-019-HLJ-Chunk_1-Item_8-v1.0,req-019,gpt41,tags_v1,0.92,,none,no,yes,"no_context, unvalidated",1,0.042,,Y,suspicious_and_no_semantic_match:0.042
deduplication,REQ-019-HLJ-Chunk_1-Item_8-v1.0,req-019,gpt41,tags_v1,,,none,yes,yes,"low_confidence, no_context, unvalidated",1,0.076,,Y,suspicious_and_no_semantic_match:0.076
usability,REQ-019-HLJ-Chunk_1-Item_9-v1.0,req-019,gpt41,tags_v1,0.91,,none,no,yes,"no_context, unvalidated",1,0.126,,Y,suspicious_and_no_semantic_match:0.126
error-handling,REQ-019-HLJ-Chunk_1-Item_9-v1.0,req-019,gpt41,tags_v1,0.9,,none,no,yes,"no_context, unvalidated",1,0.024,,Y,suspicious_and_no_semantic_match:0.024
guidance,REQ-019-HLJ-Chunk_1-Item_9-v1.0,req-019,gpt41,tags_v1,,,none,yes,yes,"low_confidence, no_context, unvalidated",1,0.120,,Y,suspicious_and_no_semantic_match:0.120
education,REQ-019-HLJ-Chunk_1-Item_10-v1.0,req-019,gpt41,tags_v1,,,none,yes,yes,"low_confidence, no_context, unvalidated",1,0.011,,Y,suspicious_and_no_semantic_match:0.011
usability,REQ-026-HLJ-Chunk_1-Item_3-v1.0,req-026,gpt41,tags_v1,0.93,,none,no,yes,"no_context, unvalidated",1,0.187,,Y,suspicious_and_no_semantic_match:0.187
embedded-ui,REQ-026-HLJ-Chunk_1-Item_3-v1.0,req-026,gpt41,tags_v1,,,none,yes,yes,"low_confidence, no_context, unvalidated",1,0.082,,Y,suspicious_and_no_semantic_match:0.082
usability,REQ-026-HLJ-Chunk_1-Item_4-v1.0,req-026,gpt41,tags_v1,0.91,,none,no,yes,"no_context, unvalidated",1,0.187,,Y,suspicious_and_no_semantic_match:0.187
synchronization,REQ-026-HLJ-Chunk_1-Item_5-v1.0,req-026,gpt41,tags_v1,,,none,yes,yes,"low_confidence, no_context, unvalidated",1,0.129,,Y,suspicious_and_no_semantic_match:0.129
prioritization,REQ-026-HLJ-Chunk_1-Item_6-v1.0,req-026,gpt41,tags_v1,,,none,yes,yes,"low_confidence, no_context, unvalidated",1,0.139,,Y,suspicious_and_no_semantic_match:0.139
usability,REQ-026-HLJ-Chunk_1-Item_7-v1.0,req-026,gpt41,tags_v1,0.95,,none,no,yes,"no_context, unvalidated",1,0.187,,Y,suspicious_and_no_semantic_match:0.187
auditability,REQ-026-HLJ-Chunk_2-Item_3-v1.0,req-026,gpt41,tags_v1,,,none,yes,yes,"low_confidence, no_context, unvalidated",1,0.144,,Y,suspicious_and_no_semantic_match:0.144
filtering,REQ-018-HLJ-Chunk_1-Item_7-v1.0,req-018,gpt41,tags_v1,0.92,,none,no,yes,"no_context, unvalidated",1,0.099,,Y,suspicious_and_no_semantic_match:0.099
edge-case,REQ-018-HLJ-Chunk_1-Item_9-v1.0,req-018,gpt41,tags_v1,0.94,,none,no,yes,"no_context, unvalidated",1,0.119,,Y,suspicious_and_no_semantic_match:0.119
tooling,REQ-027-HLJ-Chunk_1-Item_3-v1.0,req-027,gpt41,tags_v1,,,none,yes,yes,"low_confidence, no_context, unvalidated",1,0.145,,Y,suspicious_and_no_semantic_match:0.145
flexibility,REQ-027-HLJ-Chunk_1-Item_4-v1.0,req-027,gpt41,tags_v1,,,none,yes,yes,"low_confidence, no_context, unvalidated",1,0.184,,Y,suspicious_and_no_semantic_match:0.184
traceability,REQ-027-HLJ-Chunk_1-Item_9-v1.0,req-027,gpt41,tags_v1,,,none,yes,yes,"low_confidence, no_context, unvalidated",1,0.023,,Y,suspicious_and_no_semantic_match:0.023
training,REQ-027-HLJ-Chunk_2-Item_1-v1.0,req-027,gpt41,tags_v1,0.92,,none,no,yes,"no_context, unvalidated",1,-0.005,,Y,suspicious_and_no_semantic_match:-0.005
security,REQ-020-HLJ-Chunk_1-Item_1-v1.0,req-020,gpt41,tags_v1,,,none,yes,yes,"low_confidence, no_context, unvalidated",1,0.007,,Y,suspicious_and_no_semantic_match:0.007
usability,REQ-020-HLJ-Chunk_1-Item_4-v1.0,req-020,gpt41,tags_v1,0.95,,none,no,yes,"no_context, unvalidated",1,0.032,,Y,suspicious_and_no_semantic_match:0.032
usability,REQ-020-HLJ-Chunk_1-Item_5-v1.0,req-020,gpt41,tags_v1,0.95,,none,no,yes,"no_context, unvalidated",1,0.032,,Y,suspicious_and_no_semantic_match:0.032
logging,REQ-020-HLJ-Chunk_1-Item_7-v1.0,req-020,gpt41,tags_v1,0.97,,none,no,yes,"no_context, unvalidated",1,0.137,,Y,suspicious_and_no_semantic_match:0.137
usability,REQ-020-HLJ-Chunk_1-Item_9-v1.0,req-020,gpt41,tags_v1,0.94,,none,no,yes,"no_context, unvalidated",1,0.032,,Y,suspicious_and_no_semantic_match:0.032
usability,REQ-020-HLJ-Chunk_1-Item_10-v1.0,req-020,gpt41,tags_v1,0.94,,none,no,yes,"no_context, unvalidated",1,0.032,,Y,suspicious_and_no_semantic_match:0.032
usability,REQ-029-HLJ-Chunk_1-Item_3-v1.0,req-029,gpt41,tags_v1,0.91,,none,no,yes,"no_context, unvalidated",1,0.109,,Y,suspicious_and_no_semantic_match:0.109
usability,REQ-029-HLJ-Chunk_1-Item_4-v1.0,req-029,gpt41,tags_v1,0.91,,none,no,yes,"no_context, unvalidated",1,0.109,,Y,suspicious_and_no_semantic_match:0.109
advanced-filtering,REQ-029-HLJ-Chunk_1-Item_4-v1.0,req-029,gpt41,tags_v1,,,none,yes,yes,"low_confidence, no_context, unvalidated",1,0.165,,Y,suspicious_and_no_semantic_match:0.165
periodic-summaries,REQ-029-HLJ-Chunk_1-Item_8-v1.0,req-029,gpt41,tags_v1,,,none,yes,yes,"low_confidence, no_context, unvalidated",1,0.124,,Y,suspicious_and_no_semantic_match:0.124
maintainability,REQ-016-HLJ-Chunk_1-Item_3-v1.0,req-016,gpt41,tags_v1,0.91,,none,no,yes,"no_context, unvalidated",1,0.083,,Y,suspicious_and_no_semantic_match:0.083
usability,REQ-016-HLJ-Chunk_1-Item_4-v1.0,req-016,gpt41,tags_v1,0.92,,none,no,yes,"no_context, unvalidated",1,0.053,,Y,suspicious_and_no_semantic_match:0.053
usability,REQ-016-HLJ-Chunk_1-Item_6-v1.0,req-016,gpt41,tags_v1,0.9,,none,no,yes,"no_context, unvalidated",1,0.053,,Y,suspicious_and_no_semantic_match:0.053
usability,REQ-016-HLJ-Chunk_1-Item_7-v1.0,req-016,gpt41,tags_v1,0.87,,none,no,yes,"no_context, unvalidated",1,0.053,,Y,suspicious_and_no_semantic_match:0.053
maintainability,REQ-016-HLJ-Chunk_1-Item_10-v1.0,req-016,gpt41,tags_v1,0.89,,none,no,yes,"no_context, unvalidated",1,0.083,,Y,suspicious_and_no_semantic_match:0.083
usability,REQ-016-HLJ-Chunk_1-Item_10-v1.0,req-016,gpt41,tags_v1,0.8,,none,no,yes,"no_context, unvalidated",1,0.053,,Y,suspicious_and_no_semantic_match:0.053
usability,REQ-011-HLJ-Chunk_1-Item_4-v1.0,req-011,gpt41,tags_v1,0.92,,none,no,yes,"no_context, unvalidated",1,0.140,,Y,suspicious_and_no_semantic_match:0.140
revalidation,REQ-011-HLJ-Chunk_1-Item_5-v1.0,req-011,gpt41,tags_v1,0.94,,none,no,yes,"no_context, unvalidated",1,0.110,,Y,suspicious_and_no_semantic_match:0.110
usability,REQ-011-HLJ-Chunk_1-Item_8-v1.0,req-011,gpt41,tags_v1,0.92,,none,no,yes,"no_context, unvalidated",1,0.140,,Y,suspicious_and_no_semantic_match:0.140
usability,REQ-011-HLJ-Chunk_1-Item_9-v1.0,req-011,gpt41,tags_v1,0.95,,none,no,yes,"no_context, unvalidated",1,0.140,,Y,suspicious_and_no_semantic_match:0.140
traceability,REQ-011-HLJ-Chunk_2-Item_2-v1.0,req-011,gpt41,tags_v1,,,none,yes,yes,"low_confidence, no_context, unvalidated",1,0.157,,Y,suspicious_and_no_semantic_match:0.157
logging,REQ-008-HLJ-Chunk_1-Item_10-v1.0,req-008,opus4,tags_v1,0.98,,none,no,yes,"no_context, unvalidated",1,0.083,,Y,suspicious_and_no_semantic_match:0.083
edge-case,REQ-008-HLJ-Chunk_2-Item_5-v1.0,req-008,opus4,tags_v1,0.87,,none,no,yes,"no_context, unvalidated",1,0.060,,Y,suspicious_and_no_semantic_match:0.060
edge-case,REQ-008-HLJ-Chunk_3-Item_6-v1.0,req-008,opus4,tags_v1,0.88,,none,no,yes,"no_context, unvalidated",1,0.060,,Y,suspicious_and_no_semantic_match:0.060
burst-control,REQ-006-HLJ-Chunk_1-Item_2-v1.0,req-006,opus4,tags_v1,0.92,,none,no,yes,"no_context, unvalidated",1,0.171,,Y,suspicious_and_no_semantic_match:0.171
resilience,REQ-006-HLJ-Chunk_1-Item_2-v1.0,req-006,opus4,tags_v1,,,none,yes,yes,"low_confidence, no_context, unvalidated",1,0.050,,Y,suspicious_and_no_semantic_match:0.050
admin-portal,REQ-006-HLJ-Chunk_1-Item_3-v1.0,req-006,opus4,tags_v1,0.93,,none,no,yes,"no_context, unvalidated",1,0.075,,Y,suspicious_and_no_semantic_match:0.075
http-429,REQ-006-HLJ-Chunk_1-Item_5-v1.0,req-006,opus4,tags_v1,0.95,,none,no,yes,"no_context, unvalidated",1,0.125,,Y,suspicious_and_no_semantic_match:0.125
notification,REQ-006-HLJ-Chunk_1-Item_8-v1.0,req-006,opus4,tags_v1,0.91,,none,no,yes,"no_context, unvalidated",1,0.025,,Y,suspicious_and_no_semantic_match:0.025
analytics,REQ-006-HLJ-Chunk_2-Item_1-v1.0,req-006,opus4,tags_v1,,,none,yes,yes,"low_confidence, no_context, unvalidated",1,0.167,,Y,suspicious_and_no_semantic_match:0.167
incident-response,REQ-006-HLJ-Chunk_2-Item_2-v1.0,req-006,opus4,tags_v1,0.9,,none,no,yes,"no_context, unvalidated",1,-0.029,,Y,suspicious_and_no_semantic_match:-0.029
resilience,REQ-006-HLJ-Chunk_2-Item_3-v1.0,req-006,opus4,tags_v1,0.95,,none,no,yes,"no_context, unvalidated",1,0.050,,Y,suspicious_and_no_semantic_match:0.050
anti-spoofing,REQ-006-HLJ-Chunk_2-Item_4-v1.0,req-006,opus4,tags_v1,0.96,,none,no,yes,"no_context, unvalidated",1,0.007,,Y,suspicious_and_no_semantic_match:0.007
risk-management,REQ-006-HLJ-Chunk_2-Item_6-v1.0,req-006,opus4,tags_v1,0.93,,none,no,yes,"no_context, unvalidated",1,0.127,,Y,suspicious_and_no_semantic_match:0.127
normalization,REQ-001-HLJ-Chunk_1-Item_9-v1.0,req-001,opus4,tags_v1,0.93,,none,no,yes,"no_context, unvalidated",1,0.039,,Y,suspicious_and_no_semantic_match:0.039
edge-cases,REQ-001-HLJ-Chunk_1-Item_9-v1.0,req-001,opus4,tags_v1,0.88,,none,no,yes,"no_context, unvalidated",1,0.017,,Y,suspicious_and_no_semantic_match:0.017
resilience,REQ-001-HLJ-Chunk_1-Item_10-v1.0,req-001,opus4,tags_v1,0.94,,none,no,yes,"no_context, unvalidated",1,0.019,,Y,suspicious_and_no_semantic_match:0.019
availability,REQ-001-HLJ-Chunk_1-Item_10-v1.0,req-001,opus4,tags_v1,0.92,,none,no,yes,"no_context, unvalidated",1,0.179,,Y,suspicious_and_no_semantic_match:0.179
api,REQ-007-HLJ-Chunk_1-Item_1-v1.0,req-007,opus4,tags_v1,0.9,,none,no,yes,"no_context, unvalidated",1,0.112,,Y,suspicious_and_no_semantic_match:0.112
architecture,REQ-007-HLJ-Chunk_1-Item_1-v1.0,req-007,opus4,tags_v1,0.92,,none,no,yes,"no_context, unvalidated",1,0.092,,Y,suspicious_and_no_semantic_match:0.092
reliability,REQ-007-HLJ-Chunk_1-Item_4-v1.0,req-007,opus4,tags_v1,0.91,,none,no,yes,"no_context, unvalidated",1,0.113,,Y,suspicious_and_no_semantic_match:0.113
notification,REQ-007-HLJ-Chunk_1-Item_6-v1.0,req-007,opus4,tags_v2,,,,no,yes,"low_confidence, no_context, unvalidated",1,0.110,,Y,suspicious_and_no_semantic_match:0.110
analytics,REQ-007-HLJ-Chunk_2-Item_2-v1.0,req-007,opus4,tags_v1,0.87,,none,no,yes,"no_context, unvalidated",1,0.175,,Y,suspicious_and_no_semantic_match:0.175
ux,REQ-007-HLJ-Chunk_2-Item_3-v1.0,req-007,opus4,tags_v1,0.91,,none,no,yes,"no_context, unvalidated",1,0.142,,Y,suspicious_and_no_semantic_match:0.142
ux,REQ-007-HLJ-Chunk_2-Item_4-v1.0,req-007,opus4,tags_v1,0.89,,none,no,yes,"no_context, unvalidated",1,0.142,,Y,suspicious_and_no_semantic_match:0.142
qa,REQ-007-HLJ-Chunk_2-Item_7-v1.0,req-007,opus4,tags_v1,0.92,,none,no,yes,"no_context, unvalidated",1,0.170,,Y,suspicious_and_no_semantic_match:0.170
timing,REQ-009-HLJ-Chunk_1-Item_3-v1.0,req-009,opus4,tags_v1,0.91,,none,no,yes,"no_context, unvalidated",1,0.169,,Y,suspicious_and_no_semantic_match:0.169
deployment,REQ-009-HLJ-Chunk_1-Item_9-v1.0,req-009,opus4,tags_v1,0.91,,none,no,yes,"no_context, unvalidated",1,-0.072,,Y,suspicious_and_no_semantic_match:-0.072
database,REQ-009-HLJ-Chunk_2-Item_2-v1.0,req-009,opus4,tags_v1,0.88,,none,no,yes,"no_context, unvalidated",1,0.087,,Y,suspicious_and_no_semantic_match:0.087
automation,REQ-009-HLJ-Chunk_2-Item_3-v1.0,req-009,opus4,tags_v1,0.9,,none,no,yes,"no_context, unvalidated",1,0.132,,Y,suspicious_and_no_semantic_match:0.132
timing,REQ-009-HLJ-Chunk_2-Item_5-v1.0,req-009,opus4,tags_v1,0.94,,none,no,yes,"no_context, unvalidated",1,0.169,,Y,suspicious_and_no_semantic_match:0.169
database,REQ-009-HLJ-Chunk_2-Item_5-v1.0,req-009,opus4,tags_v1,0.87,,none,no,yes,"no_context, unvalidated",1,0.087,,Y,suspicious_and_no_semantic_match:0.087
error-handling,REQ-009-HLJ-Chunk_2-Item_6-v1.0,req-009,opus4,tags_v1,0.95,,none,no,yes,"no_context, unvalidated",1,0.076,,Y,suspicious_and_no_semantic_match:0.076
messaging,REQ-009-HLJ-Chunk_3-Item_5-v1.0,req-009,opus4,tags_v1,0.91,,none,no,yes,"no_context, unvalidated",1,0.064,,Y,suspicious_and_no_semantic_match:0.064
automation,REQ-009-HLJ-Chunk_3-Item_7-v1.0,req-009,opus4,tags_v1,0.9,,none,no,yes,"no_context, unvalidated",1,0.132,,Y,suspicious_and_no_semantic_match:0.132
error-handling,REQ-009-HLJ-Chunk_3-Item_7-v1.0,req-009,opus4,tags_v1,0.91,,none,no,yes,"no_context, unvalidated",1,0.076,,Y,suspicious_and_no_semantic_match:0.076
filter,REQ-025-HLJ-Chunk_1-Item_5-v1.0,req-025,opus4,tags_v2,,,,no,yes,"low_confidence, no_context, unvalidated",1,0.016,,Y,suspicious_and_no_semantic_match:0.016
automation,REQ-025-HLJ-Chunk_1-Item_10-v1.0,req-025,opus4,tags_v1,0.95,,none,no,yes,"no_context, unvalidated",1,0.184,,Y,suspicious_and_no_semantic_match:0.184
security,REQ-025-HLJ-Chunk_2-Item_3-v1.0,req-025,opus4,tags_v1,0.88,,none,no,yes,"no_context, unvalidated",1,0.087,,Y,suspicious_and_no_semantic_match:0.087
gdpr,REQ-025-HLJ-Chunk_2-Item_3-v1.0,req-025,opus4,tags_v1,,,none,yes,yes,"low_confidence, no_context, unvalidated",1,0.200,,Y,suspicious_and_no_semantic_match:0.200
rbac,REQ-022-HLJ-Chunk_1-Item_4-v1.0,req-022,opus4,tags_v1,0.91,,none,no,yes,"no_context, unvalidated",1,0.174,,Y,suspicious_and_no_semantic_match:0.174
history,REQ-022-HLJ-Chunk_1-Item_8-v1.0,req-022,opus4,tags_v1,0.9,,none,no,yes,"no_context, unvalidated",1,0.103,,Y,suspicious_and_no_semantic_match:0.103
alert,REQ-022-HLJ-Chunk_1-Item_9-v1.0,req-022,opus4,tags_v2,,,,no,yes,"low_confidence, no_context, unvalidated",1,0.035,,Y,suspicious_and_no_semantic_match:0.035
alerts,REQ-022-HLJ-Chunk_1-Item_10-v1.0,req-022,opus4,tags_v1,0.89,,none,no,yes,"no_context, unvalidated",1,0.121,,Y,suspicious_and_no_semantic_match:0.121
rate-limiting,REQ-022-HLJ-Chunk_2-Item_1-v1.0,req-022,opus4,tags_v1,0.95,,none,no,yes,"no_context, unvalidated",1,0.052,,Y,suspicious_and_no_semantic_match:0.052
performance,REQ-022-HLJ-Chunk_2-Item_1-v1.0,req-022,opus4,tags_v1,0.89,,none,no,yes,"no_context, unvalidated",1,0.010,,Y,suspicious_and_no_semantic_match:0.010
backend,REQ-023-HLJ-Chunk_1-Item_1-v1.0,req-023,opus4,tags_v1,0.89,,none,no,yes,"no_context, unvalidated",1,0.157,,Y,suspicious_and_no_semantic_match:0.157
backend,REQ-023-HLJ-Chunk_1-Item_2-v1.0,req-023,opus4,tags_v1,0.87,,none,no,yes,"no_context, unvalidated",1,0.157,,Y,suspicious_and_no_semantic_match:0.157
admin-portal,REQ-023-HLJ-Chunk_1-Item_3-v1.0,req-023,opus4,tags_v1,0.95,,none,no,yes,"no_context, unvalidated",1,0.123,,Y,suspicious_and_no_semantic_match:0.123
frontend,REQ-023-HLJ-Chunk_1-Item_3-v1.0,req-023,opus4,tags_v1,0.88,,none,no,yes,"no_context, unvalidated",1,0.160,,Y,suspicious_and_no_semantic_match:0.160
backend,REQ-023-HLJ-Chunk_1-Item_4-v1.0,req-023,opus4,tags_v1,0.89,,none,no,yes,"no_context, unvalidated",1,0.157,,Y,suspicious_and_no_semantic_match:0.157
security,REQ-023-HLJ-Chunk_1-Item_5-v1.0,req-023,opus4,tags_v1,0.91,,none,no,yes,"no_context, unvalidated",1,0.095,,Y,suspicious_and_no_semantic_match:0.095
backend,REQ-023-HLJ-Chunk_1-Item_5-v1.0,req-023,opus4,tags_v1,0.89,,none,no,yes,"no_context, unvalidated",1,0.157,,Y,suspicious_and_no_semantic_match:0.157
frontend,REQ-023-HLJ-Chunk_1-Item_6-v1.0,req-023,opus4,tags_v1,0.9,,none,no,yes,"no_context, unvalidated",1,0.160,,Y,suspicious_and_no_semantic_match:0.160
backend,REQ-023-HLJ-Chunk_1-Item_7-v1.0,req-023,opus4,tags_v1,0.88,,none,no,yes,"no_context, unvalidated",1,0.157,,Y,suspicious_and_no_semantic_match:0.157
backend,REQ-023-HLJ-Chunk_1-Item_8-v1.0,req-023,opus4,tags_v1,0.88,,none,no,yes,"no_context, unvalidated",1,0.157,,Y,suspicious_and_no_semantic_match:0.157
backend,REQ-023-HLJ-Chunk_1-Item_9-v1.0,req-023,opus4,tags_v1,0.9,,none,no,yes,"no_context, unvalidated",1,0.157,,Y,suspicious_and_no_semantic_match:0.157
ux,REQ-023-HLJ-Chunk_1-Item_10-v1.0,req-023,opus4,tags_v1,0.9,,none,no,yes,"no_context, unvalidated",1,0.102,,Y,suspicious_and_no_semantic_match:0.102
frontend,REQ-023-HLJ-Chunk_1-Item_10-v1.0,req-023,opus4,tags_v1,0.89,,none,no,yes,"no_context, unvalidated",1,0.160,,Y,suspicious_and_no_semantic_match:0.160
accessibility,REQ-023-HLJ-Chunk_1-Item_10-v1.0,req-023,opus4,tags_v1,,,none,yes,yes,"low_confidence, no_context, unvalidated",1,0.076,,Y,suspicious_and_no_semantic_match:0.076
ux,REQ-023-HLJ-Chunk_2-Item_1-v1.0,req-023,opus4,tags_v1,0.88,,none,no,yes,"no_context, unvalidated",1,0.102,,Y,suspicious_and_no_semantic_match:0.102
frontend,REQ-023-HLJ-Chunk_2-Item_1-v1.0,req-023,opus4,tags_v1,0.86,,none,no,yes,"no_context, unvalidated",1,0.160,,Y,suspicious_and_no_semantic_match:0.160
security,REQ-023-HLJ-Chunk_2-Item_2-v1.0,req-023,opus4,tags_v1,0.89,,none,no,yes,"no_context, unvalidated",1,0.095,,Y,suspicious_and_no_semantic_match:0.095
backend,REQ-023-HLJ-Chunk_2-Item_3-v1.0,req-023,opus4,tags_v1,0.87,,none,no,yes,"no_context, unvalidated",1,0.157,,Y,suspicious_and_no_semantic_match:0.157
backend,REQ-023-HLJ-Chunk_2-Item_4-v1.0,req-023,opus4,tags_v1,0.88,,none,no,yes,"no_context, unvalidated",1,0.157,,Y,suspicious_and_no_semantic_match:0.157
training,REQ-023-HLJ-Chunk_2-Item_5-v1.0,req-023,opus4,tags_v1,0.89,,none,no,yes,"no_context, unvalidated",1,0.023,,Y,suspicious_and_no_semantic_match:0.023
training,REQ-023-HLJ-Chunk_2-Item_6-v1.0,req-023,opus4,tags_v1,0.88,,none,no,yes,"no_context, unvalidated",1,0.023,,Y,suspicious_and_no_semantic_match:0.023
backend,REQ-023-HLJ-Chunk_2-Item_7-v1.0,req-023,opus4,tags_v1,0.88,,none,no,yes,"no_context, unvalidated",1,0.157,,Y,suspicious_and_no_semantic_match:0.157
backend,REQ-023-HLJ-Chunk_2-Item_8-v1.0,req-023,opus4,tags_v1,0.89,,none,no,yes,"no_context, unvalidated",1,0.157,,Y,suspicious_and_no_semantic_match:0.157
qa,REQ-024-HLJ-Chunk_1-Item_4-v1.0,req-024,opus4,tags_v1,0.88,,none,no,yes,"no_context, unvalidated",1,0.141,,Y,suspicious_and_no_semantic_match:0.141
api,REQ-024-HLJ-Chunk_1-Item_10-v1.0,req-024,opus4,tags_v1,0.9,,none,no,yes,"no_context, unvalidated",1,0.196,,Y,suspicious_and_no_semantic_match:0.196
optimization,REQ-024-HLJ-Chunk_2-Item_2-v1.0,req-024,opus4,tags_v1,0.9,,none,no,yes,"no_context, unvalidated",1,0.135,,Y,suspicious_and_no_semantic_match:0.135
reliability,REQ-024-HLJ-Chunk_2-Item_6-v1.0,req-024,opus4,tags_v1,0.89,,none,no,yes,"no_context, unvalidated",1,0.129,,Y,suspicious_and_no_semantic_match:0.129
reliability,REQ-024-HLJ-Chunk_2-Item_7-v1.0,req-024,opus4,tags_v1,0.92,,none,no,yes,"no_context, unvalidated",1,0.129,,Y,suspicious_and_no_semantic_match:0.129
failover,REQ-024-HLJ-Chunk_2-Item_7-v1.0,req-024,opus4,tags_v1,0.94,,none,no,yes,"no_context, unvalidated",1,0.127,,Y,suspicious_and_no_semantic_match:0.127
ux,REQ-024-HLJ-Chunk_2-Item_8-v1.0,req-024,opus4,tags_v1,0.86,,none,no,yes,"no_context, unvalidated",1,0.109,,Y,suspicious_and_no_semantic_match:0.109
legal,REQ-024-HLJ-Chunk_2-Item_9-v1.0,req-024,opus4,tags_v1,0.94,,none,no,yes,"no_context, unvalidated",1,0.023,,Y,suspicious_and_no_semantic_match:0.023
logging,REQ-024-HLJ-Chunk_2-Item_10-v1.0,req-024,opus4,tags_v1,0.95,,none,no,yes,"no_context, unvalidated",1,0.192,,Y,suspicious_and_no_semantic_match:0.192
ux,REQ-024-HLJ-Chunk_3-Item_1-v1.0,req-024,opus4,tags_v1,0.87,,none,no,yes,"no_context, unvalidated",1,0.109,,Y,suspicious_and_no_semantic_match:0.109
ux,REQ-024-HLJ-Chunk_3-Item_3-v1.0,req-024,opus4,tags_v1,0.87,,none,no,yes,"no_context, unvalidated",1,0.109,,Y,suspicious_and_no_semantic_match:0.109
ux,REQ-002-HLJ-Chunk_1-Item_2-v1.0,req-002,opus4,tags_v1,0.86,,none,no,yes,"no_context, unvalidated",1,0.107,,Y,suspicious_and_no_semantic_match:0.107
ux,REQ-002-HLJ-Chunk_1-Item_3-v1.0,req-002,opus4,tags_v1,0.88,,none,no,yes,"no_context, unvalidated",1,0.107,,Y,suspicious_and_no_semantic_match:0.107
ux,REQ-002-HLJ-Chunk_1-Item_5-v1.0,req-002,opus4,tags_v1,0.91,,none,no,yes,"no_context, unvalidated",1,0.107,,Y,suspicious_and_no_semantic_match:0.107
logging,REQ-002-HLJ-Chunk_2-Item_2-v1.0,req-002,opus4,tags_v1,0.93,,none,no,yes,"no_context, unvalidated",1,0.091,,Y,suspicious_and_no_semantic_match:0.091
ux,REQ-002-HLJ-Chunk_2-Item_3-v1.0,req-002,opus4,tags_v1,0.93,,none,no,yes,"no_context, unvalidated",1,0.107,,Y,suspicious_and_no_semantic_match:0.107
ux,REQ-002-HLJ-Chunk_2-Item_4-v1.0,req-002,opus4,tags_v1,0.91,,none,no,yes,"no_context, unvalidated",1,0.107,,Y,suspicious_and_no_semantic_match:0.107
i18n,REQ-002-HLJ-Chunk_2-Item_4-v1.0,req-002,opus4,tags_v1,,,none,yes,yes,"low_confidence, no_context, unvalidated",1,0.035,,Y,suspicious_and_no_semantic_match:0.035
error-handling,REQ-005-HLJ-Chunk_1-Item_3-v1.0,req-005,opus4,tags_v1,0.96,,none,no,yes,"no_context, unvalidated",1,0.080,,Y,suspicious_and_no_semantic_match:0.080
concurrency,REQ-005-HLJ-Chunk_1-Item_7-v1.0,req-005,opus4,tags_v1,0.93,,none,no,yes,"no_context, unvalidated",1,0.169,,Y,suspicious_and_no_semantic_match:0.169
reliability,REQ-005-HLJ-Chunk_2-Item_2-v1.0,req-005,opus4,tags_v1,0.93,,none,no,yes,"no_context, unvalidated",1,0.095,,Y,suspicious_and_no_semantic_match:0.095
reliability,REQ-005-HLJ-Chunk_2-Item_6-v1.0,req-005,opus4,tags_v1,0.94,,none,no,yes,"no_context, unvalidated",1,0.095,,Y,suspicious_and_no_semantic_match:0.095
error-handling,REQ-005-HLJ-Chunk_2-Item_7-v1.0,req-005,opus4,tags_v1,0.95,,none,no,yes,"no_context, unvalidated",1,0.080,,Y,suspicious_and_no_semantic_match:0.080
reliability,REQ-005-HLJ-Chunk_2-Item_7-v1.0,req-005,opus4,tags_v1,0.93,,none,no,yes,"no_context, unvalidated",1,0.095,,Y,suspicious_and_no_semantic_match:0.095
dependency,REQ-005-HLJ-Chunk_2-Item_10-v1.0,req-005,opus4,tags_v1,0.91,,none,no,yes,"no_context, unvalidated",1,0.038,,Y,suspicious_and_no_semantic_match:0.038
rbac,REQ-004-HLJ-Chunk_1-Item_9-v1.0,req-004,opus4,tags_v1,0.93,,none,no,yes,"no_context, unvalidated",1,0.090,,Y,suspicious_and_no_semantic_match:0.090
cryptography,REQ-004-HLJ-Chunk_1-Item_10-v1.0,req-004,opus4,tags_v1,0.96,,none,no,yes,"no_context, unvalidated",1,0.123,,Y,suspicious_and_no_semantic_match:0.123
edge-cases,REQ-004-HLJ-Chunk_2-Item_5-v1.0,req-004,opus4,tags_v1,,,none,yes,yes,"low_confidence, no_context, unvalidated",1,-0.051,,Y,suspicious_and_no_semantic_match:-0.051
configuration,REQ-003-HLJ-Chunk_1-Item_1-v1.0,req-003,opus4,tags_v1,,,none,yes,yes,"low_confidence, no_context, unvalidated",1,0.148,,Y,suspicious_and_no_semantic_match:0.148
ml,REQ-003-HLJ-Chunk_1-Item_3-v1.0,req-003,opus4,tags_v1,0.86,,none,no,yes,"no_context, unvalidated",1,0.119,,Y,suspicious_and_no_semantic_match:0.119
realtime,REQ-003-HLJ-Chunk_1-Item_4-v1.0,req-003,opus4,tags_v1,0.93,,none,no,yes,"no_context, unvalidated",1,0.120,,Y,suspicious_and_no_semantic_match:0.120
integration,REQ-003-HLJ-Chunk_1-Item_6-v1.0,req-003,opus4,tags_v1,0.91,,none,no,yes,"no_context, unvalidated",1,0.087,,Y,suspicious_and_no_semantic_match:0.087
ml,REQ-003-HLJ-Chunk_1-Item_9-v1.0,req-003,opus4,tags_v1,0.89,,none,no,yes,"no_context, unvalidated",1,0.119,,Y,suspicious_and_no_semantic_match:0.119
optimization,REQ-003-HLJ-Chunk_1-Item_9-v1.0,req-003,opus4,tags_v1,0.87,,none,no,yes,"no_context, unvalidated",1,0.091,,Y,suspicious_and_no_semantic_match:0.091
performance,REQ-003-HLJ-Chunk_1-Item_10-v1.0,req-003,opus4,tags_v1,0.89,,none,no,yes,"no_context, unvalidated",1,0.078,,Y,suspicious_and_no_semantic_match:0.078
edge-cases,REQ-017-HLJ-Chunk_1-Item_6-v1.0,req-017,opus4,tags_v1,0.91,,none,no,yes,"no_context, unvalidated",1,0.013,,Y,suspicious_and_no_semantic_match:0.013
analytics,REQ-017-HLJ-Chunk_2-Item_1-v1.0,req-017,opus4,tags_v1,,,none,yes,yes,"low_confidence, no_context, unvalidated",1,0.175,,Y,suspicious_and_no_semantic_match:0.175
workflow,REQ-021-HLJ-Chunk_1-Item_4-v1.0,req-021,opus4,tags_v1,0.91,,none,no,yes,"no_context, unvalidated",1,0.180,,Y,suspicious_and_no_semantic_match:0.180
messaging,REQ-021-HLJ-Chunk_1-Item_6-v1.0,req-021,opus4,tags_v1,0.91,,none,no,yes,"no_context, unvalidated",1,0.182,,Y,suspicious_and_no_semantic_match:0.182
backend,REQ-021-HLJ-Chunk_1-Item_6-v1.0,req-021,opus4,tags_v1,0.9,,none,no,yes,"no_context, unvalidated",1,0.192,,Y,suspicious_and_no_semantic_match:0.192
workflow,REQ-021-HLJ-Chunk_1-Item_8-v1.0,req-021,opus4,tags_v1,0.9,,none,no,yes,"no_context, unvalidated",1,0.180,,Y,suspicious_and_no_semantic_match:0.180
backend,REQ-021-HLJ-Chunk_1-Item_9-v1.0,req-021,opus4,tags_v1,0.91,,none,no,yes,"no_context, unvalidated",1,0.192,,Y,suspicious_and_no_semantic_match:0.192
frontend,REQ-021-HLJ-Chunk_2-Item_1-v1.0,req-021,opus4,tags_v1,0.87,,none,no,yes,"no_context, unvalidated",1,0.178,,Y,suspicious_and_no_semantic_match:0.178
workflow,REQ-021-HLJ-Chunk_2-Item_3-v1.0,req-021,opus4,tags_v1,0.91,,none,no,yes,"no_context, unvalidated",1,0.180,,Y,suspicious_and_no_semantic_match:0.180
collaboration,REQ-021-HLJ-Chunk_2-Item_3-v1.0,req-021,opus4,tags_v1,,,none,yes,yes,"low_confidence, no_context, unvalidated",1,0.146,,Y,suspicious_and_no_semantic_match:0.146
frontend,REQ-021-HLJ-Chunk_2-Item_4-v1.0,req-021,opus4,tags_v1,0.88,,none,no,yes,"no_context, unvalidated",1,0.178,,Y,suspicious_and_no_semantic_match:0.178
scalability,REQ-021-HLJ-Chunk_2-Item_5-v1.0,req-021,opus4,tags_v1,0.9,,none,no,yes,"no_context, unvalidated",1,0.151,,Y,suspicious_and_no_semantic_match:0.151
backend,REQ-019-HLJ-Chunk_1-Item_2-v1.0,req-019,opus4,tags_v1,0.91,,none,no,yes,"no_context, unvalidated",1,0.147,,Y,suspicious_and_no_semantic_match:0.147
automation,REQ-019-HLJ-Chunk_1-Item_4-v1.0,req-019,opus4,tags_v1,0.94,,none,no,yes,"no_context, unvalidated",1,0.040,,Y,suspicious_and_no_semantic_match:0.040
algorithms,REQ-019-HLJ-Chunk_1-Item_5-v1.0,req-019,opus4,tags_v1,0.93,,none,no,yes,"no_context, unvalidated",1,0.083,,Y,suspicious_and_no_semantic_match:0.083
algorithms,REQ-019-HLJ-Chunk_1-Item_6-v1.0,req-019,opus4,tags_v1,0.93,,none,no,yes,"no_context, unvalidated",1,0.083,,Y,suspicious_and_no_semantic_match:0.083
configuration,REQ-019-HLJ-Chunk_1-Item_7-v1.0,req-019,opus4,tags_v1,0.91,,none,no,yes,"no_context, unvalidated",1,0.044,,Y,suspicious_and_no_semantic_match:0.044
deduplication,REQ-019-HLJ-Chunk_1-Item_8-v1.0,req-019,opus4,tags_v1,0.92,,none,no,yes,"no_context, unvalidated",1,0.076,,Y,suspicious_and_no_semantic_match:0.076
configuration,REQ-019-HLJ-Chunk_2-Item_6-v1.0,req-019,opus4,tags_v1,,,none,yes,yes,"low_confidence, no_context, unvalidated",1,0.044,,Y,suspicious_and_no_semantic_match:0.044
database,REQ-019-HLJ-Chunk_2-Item_7-v1.0,req-019,opus4,tags_v1,0.94,,none,no,yes,"no_context, unvalidated",1,0.138,,Y,suspicious_and_no_semantic_match:0.138
config,REQ-018-HLJ-Chunk_1-Item_3-v1.0,req-018,opus4,tags_v1,0.88,,none,no,yes,"no_context, unvalidated",1,0.130,,Y,suspicious_and_no_semantic_match:0.130
config,REQ-018-HLJ-Chunk_1-Item_5-v1.0,req-018,opus4,tags_v1,0.9,,none,no,yes,"no_context, unvalidated",1,0.130,,Y,suspicious_and_no_semantic_match:0.130
safety,REQ-018-HLJ-Chunk_1-Item_8-v1.0,req-018,opus4,tags_v1,0.89,,none,no,yes,"no_context, unvalidated",1,0.033,,Y,suspicious_and_no_semantic_match:0.033
realtime,REQ-018-HLJ-Chunk_2-Item_1-v1.0,req-018,opus4,tags_v1,0.9,,none,no,yes,"no_context, unvalidated",1,0.066,,Y,suspicious_and_no_semantic_match:0.066
safety,REQ-018-HLJ-Chunk_2-Item_7-v1.0,req-018,opus4,tags_v1,0.89,,none,no,yes,"no_context, unvalidated",1,0.033,,Y,suspicious_and_no_semantic_match:0.033
api-key,REQ-020-HLJ-Chunk_1-Item_3-v1.0,req-020,opus4,tags_v1,0.94,,none,no,yes,"no_context, unvalidated",1,0.129,,Y,suspicious_and_no_semantic_match:0.129
dry-run,REQ-020-HLJ-Chunk_1-Item_4-v1.0,req-020,opus4,tags_v1,0.96,,none,no,yes,"no_context, unvalidated",1,0.072,,Y,suspicious_and_no_semantic_match:0.072
names,REQ-020-HLJ-Chunk_1-Item_7-v1.0,req-020,opus4,tags_v1,0.93,,none,no,yes,"no_context, unvalidated",1,0.105,,Y,suspicious_and_no_semantic_match:0.105
user-action,REQ-020-HLJ-Chunk_1-Item_8-v1.0,req-020,opus4,tags_v1,0.91,,none,no,yes,"no_context, unvalidated",1,0.028,,Y,suspicious_and_no_semantic_match:0.028
logging,REQ-020-HLJ-Chunk_2-Item_11-v1.0,req-020,opus4,tags_v1,0.95,,none,no,yes,"no_context, unvalidated",1,0.137,,Y,suspicious_and_no_semantic_match:0.137
compliance,REQ-020-HLJ-Chunk_2-Item_11-v1.0,req-020,opus4,tags_v1,,,none,yes,yes,"low_confidence, no_context, unvalidated",1,0.157,,Y,suspicious_and_no_semantic_match:0.157
data-recovery,REQ-020-HLJ-Chunk_2-Item_13-v1.0,req-020,opus4,tags_v1,0.89,,none,no,yes,"no_context, unvalidated",1,0.159,,Y,suspicious_and_no_semantic_match:0.159
user-guide,REQ-020-HLJ-Chunk_2-Item_14-v1.0,req-020,opus4,tags_v1,0.91,,none,no,yes,"no_context, unvalidated",1,0.136,,Y,suspicious_and_no_semantic_match:0.136
rbac,REQ-016-HLJ-Chunk_1-Item_1-v1.0,req-016,opus4,tags_v1,0.96,,none,no,yes,"no_context, unvalidated",1,0.135,,Y,suspicious_and_no_semantic_match:0.135
rbac,REQ-016-HLJ-Chunk_1-Item_2-v1.0,req-016,opus4,tags_v1,0.95,,none,no,yes,"no_context, unvalidated",1,0.135,,Y,suspicious_and_no_semantic_match:0.135
rbac,REQ-016-HLJ-Chunk_1-Item_3-v1.0,req-016,opus4,tags_v1,0.97,,none,no,yes,"no_context, unvalidated",1,0.135,,Y,suspicious_and_no_semantic_match:0.135
automation,REQ-016-HLJ-Chunk_1-Item_3-v1.0,req-016,opus4,tags_v1,0.94,,none,no,yes,"no_context, unvalidated",1,0.066,,Y,suspicious_and_no_semantic_match:0.066
platform connectivity,REQ-008-HLJ-Chunk_1-Item_1-v1.0,req-008,meta70b,tags_v1,,,none,yes,yes,"low_confidence, no_context, unvalidated",2,0.188,,Y,suspicious_and_no_semantic_match:0.188
data accuracy,REQ-008-HLJ-Chunk_1-Item_5-v1.0,req-008,meta70b,tags_v1,,,none,yes,yes,"low_confidence, no_context, unvalidated",2,0.125,,Y,suspicious_and_no_semantic_match:0.125
data protection,REQ-008-HLJ-Chunk_2-Item_7-v1.0,req-008,meta70b,tags_v1,,summary,semantic,no,yes,low_confidence,2,0.196,,Y,suspicious_and_no_semantic_match:0.196
data protection,REQ-008-HLJ-Chunk_2-Item_7-v1.0,req-008,meta70b,tags_v2,,summary,semantic,no,yes,low_confidence,2,0.196,,Y,suspicious_and_no_semantic_match:0.196
tracking,REQ-008-HLJ-Chunk_2-Item_9-v1.0,req-008,meta70b,tags_v1,,,none,yes,yes,"low_confidence, no_context, unvalidated",1,0.081,,Y,suspicious_and_no_semantic_match:0.081
logs,REQ-008-HLJ-Chunk_2-Item_9-v1.0,req-008,meta70b,tags_v2,,,,no,yes,"low_confidence, no_context, unvalidated",1,0.113,,Y,suspicious_and_no_semantic_match:0.113
compatibility,REQ-030-HLJ-Chunk_1-Item_1-v1.0,req-030,meta70b,tags_v1,,,none,yes,yes,"low_confidence, no_context, unvalidated",1,0.070,,Y,suspicious_and_no_semantic_match:0.070
quality_assurance,REQ-030-HLJ-Chunk_1-Item_2-v1.0,req-030,meta70b,tags_v1,,,none,yes,yes,"low_confidence, no_context, unvalidated",1,0.188,,Y,suspicious_and_no_semantic_match:0.188
error_reporting,REQ-030-HLJ-Chunk_2-Item_1-v1.0,req-030,meta70b,tags_v1,0.95,,none,no,yes,"no_context, unvalidated",1,0.104,,Y,suspicious_and_no_semantic_match:0.104
quality_assurance,REQ-030-HLJ-Chunk_2-Item_1-v1.0,req-030,meta70b,tags_v1,,,none,yes,yes,"low_confidence, no_context, unvalidated",1,0.188,,Y,suspicious_and_no_semantic_match:0.188
data_protection,REQ-030-HLJ-Chunk_2-Item_2-v1.0,req-030,meta70b,tags_v1,,,none,yes,yes,"low_confidence, no_context, unvalidated",1,0.024,,Y,suspicious_and_no_semantic_match:0.024
logging,REQ-006-HLJ-Chunk_1-Item_6-v1.0,req-006,meta70b,tags_v1,,raw_requirement,direct,no,yes,low_confidence,1,0.108,,Y,suspicious_and_no_semantic_match:0.108
recovery,REQ-007-HLJ-Chunk_1-Item_2-v1.0,req-007,meta70b,tags_v1,,,none,no,yes,"low_confidence, no_context, unvalidated",1,0.079,,Y,suspicious_and_no_semantic_match:0.079
ux,REQ-007-HLJ-Chunk_1-Item_5-v1.0,req-007,meta70b,tags_v1,0.9,,none,no,yes,"no_context, unvalidated",1,0.142,,Y,suspicious_and_no_semantic_match:0.142
communication,REQ-007-HLJ-Chunk_1-Item_5-v1.0,req-007,meta70b,tags_v1,,title,direct,no,yes,low_confidence,1,-0.019,,Y,suspicious_and_no_semantic_match:-0.019
communication,REQ-007-HLJ-Chunk_1-Item_5-v1.0,req-007,meta70b,tags_v2,,title,direct,no,yes,low_confidence,1,-0.019,,Y,suspicious_and_no_semantic_match:-0.019
quality,REQ-007-HLJ-Chunk_1-Item_6-v1.0,req-007,meta70b,tags_v1,0.92,,none,no,yes,"no_context, unvalidated",1,0.034,,Y,suspicious_and_no_semantic_match:0.034
edge-cases,REQ-007-HLJ-Chunk_1-Item_9-v1.0,req-007,meta70b,tags_v1,,source_fragment,semantic,no,yes,low_confidence,1,0.040,,Y,suspicious_and_no_semantic_match:0.040
edge case,REQ-007-HLJ-Chunk_1-Item_9-v1.0,req-007,meta70b,tags_v2,,,,no,yes,"low_confidence, no_context, unvalidated",2,0.025,,Y,suspicious_and_no_semantic_match:0.025
manual-review,REQ-007-HLJ-Chunk_1-Item_10-v1.0,req-007,meta70b,tags_v1,,title,semantic,no,yes,low_confidence,1,0.126,,Y,suspicious_and_no_semantic_match:0.126
manual-review,REQ-007-HLJ-Chunk_1-Item_10-v1.0,req-007,meta70b,tags_v2,,title,semantic,no,yes,low_confidence,1,0.126,,Y,suspicious_and_no_semantic_match:0.126
crossborder,REQ-009-HLJ-Chunk_1-Item_1-v1.0,req-009,meta70b,tags_v1,,,none,no,yes,"low_confidence, no_context, unvalidated",1,0.164,,Y,suspicious_and_no_semantic_match:0.164
crossborder,REQ-009-HLJ-Chunk_1-Item_2-v1.0,req-009,meta70b,tags_v1,,,none,no,yes,"low_confidence, no_context, unvalidated",1,0.164,,Y,suspicious_and_no_semantic_match:0.164
crossborder,REQ-009-HLJ-Chunk_1-Item_3-v1.0,req-009,meta70b,tags_v1,,,none,no,yes,"low_confidence, no_context, unvalidated",1,0.164,,Y,suspicious_and_no_semantic_match:0.164
crossborder,REQ-009-HLJ-Chunk_1-Item_4-v1.0,req-009,meta70b,tags_v1,,,none,no,yes,"low_confidence, no_context, unvalidated",1,0.164,,Y,suspicious_and_no_semantic_match:0.164
crossborder,REQ-009-HLJ-Chunk_1-Item_5-v1.0,req-009,meta70b,tags_v1,,,none,no,yes,"low_confidence, no_context, unvalidated",1,0.164,,Y,suspicious_and_no_semantic_match:0.164
crossborder,REQ-009-HLJ-Chunk_1-Item_6-v1.0,req-009,meta70b,tags_v1,,,none,no,yes,"low_confidence, no_context, unvalidated",1,0.164,,Y,suspicious_and_no_semantic_match:0.164
crossborder,REQ-009-HLJ-Chunk_1-Item_7-v1.0,req-009,meta70b,tags_v1,,,none,no,yes,"low_confidence, no_context, unvalidated",1,0.164,,Y,suspicious_and_no_semantic_match:0.164
crossborder,REQ-009-HLJ-Chunk_1-Item_8-v1.0,req-009,meta70b,tags_v1,,,none,no,yes,"low_confidence, no_context, unvalidated",1,0.164,,Y,suspicious_and_no_semantic_match:0.164
crossborder,REQ-009-HLJ-Chunk_1-Item_9-v1.0,req-009,meta70b,tags_v1,,,none,no,yes,"low_confidence, no_context, unvalidated",1,0.164,,Y,suspicious_and_no_semantic_match:0.164
crossborder,REQ-009-HLJ-Chunk_1-Item_10-v1.0,req-009,meta70b,tags_v1,,,none,no,yes,"low_confidence, no_context, unvalidated",1,0.164,,Y,suspicious_and_no_semantic_match:0.164
crossborder,REQ-009-HLJ-Chunk_2-Item_2-v1.0,req-009,meta70b,tags_v1,0.92,,none,no,yes,"no_context, unvalidated",1,0.164,,Y,suspicious_and_no_semantic_match:0.164
edgecases,REQ-009-HLJ-Chunk_2-Item_3-v1.0,req-009,meta70b,tags_v1,0.94,,none,no,yes,"no_context, unvalidated",1,0.052,,Y,suspicious_and_no_semantic_match:0.052
crossborder,REQ-009-HLJ-Chunk_2-Item_3-v1.0,req-009,meta70b,tags_v1,0.9,,none,no,yes,"no_context, unvalidated",1,0.164,,Y,suspicious_and_no_semantic_match:0.164
crossborder,REQ-009-HLJ-Chunk_2-Item_4-v1.0,req-009,meta70b,tags_v1,0.85,,none,no,yes,"no_context, unvalidated",1,0.164,,Y,suspicious_and_no_semantic_match:0.164
delivery,REQ-009-HLJ-Chunk_2-Item_5-v1.0,req-009,meta70b,tags_v1,0.95,,none,no,yes,"no_context, unvalidated",1,0.124,,Y,suspicious_and_no_semantic_match:0.124
crossborder,REQ-009-HLJ-Chunk_2-Item_5-v1.0,req-009,meta70b,tags_v1,0.9,,none,no,yes,"no_context, unvalidated",1,0.164,,Y,suspicious_and_no_semantic_match:0.164
customization,REQ-014-HLJ-Chunk_2-Item_7-v1.0,req-014,meta70b,tags_v1,,,none,no,yes,"low_confidence, no_context, unvalidated",1,0.114,,Y,suspicious_and_no_semantic_match:0.114
resolution,REQ-014-HLJ-Chunk_2-Item_10-v1.0,req-014,meta70b,tags_v1,,mapped_concepts,direct,no,yes,low_confidence,1,0.008,,Y,suspicious_and_no_semantic_match:0.008
resolution,REQ-014-HLJ-Chunk_2-Item_10-v1.0,req-014,meta70b,tags_v2,,mapped_concepts,direct,no,yes,low_confidence,1,0.008,,Y,suspicious_and_no_semantic_match:0.008
logs,REQ-014-HLJ-Chunk_2-Item_12-v1.0,req-014,meta70b,tags_v2,,,,no,yes,"low_confidence, no_context, unvalidated",1,0.082,,Y,suspicious_and_no_semantic_match:0.082
auditrail,REQ-013-HLJ-Chunk_1-Item_4-v1.0,req-013,meta70b,tags_v1,0.9,,none,no,yes,"no_context, unvalidated",1,0.175,,Y,suspicious_and_no_semantic_match:0.175
admindashboard,REQ-013-HLJ-Chunk_1-Item_5-v1.0,req-013,meta70b,tags_v1,0.9,,none,no,yes,"no_context, unvalidated",1,0.079,,Y,suspicious_and_no_semantic_match:0.079
riskmanagement,REQ-013-HLJ-Chunk_2-Item_1-v1.0,req-013,meta70b,tags_v1,,,none,yes,yes,"low_confidence, no_context, unvalidated",1,0.123,,Y,suspicious_and_no_semantic_match:0.123
sensitiveoperations,REQ-013-HLJ-Chunk_2-Item_2-v1.0,req-013,meta70b,tags_v1,,,none,no,yes,"low_confidence, no_context, unvalidated",1,0.087,,Y,suspicious_and_no_semantic_match:0.087
cryptography,REQ-013-HLJ-Chunk_2-Item_2-v1.0,req-013,meta70b,tags_v1,,,none,yes,yes,"low_confidence, no_context, unvalidated",1,0.068,,Y,suspicious_and_no_semantic_match:0.068
edgecases,REQ-013-HLJ-Chunk_2-Item_3-v1.0,req-013,meta70b,tags_v1,0.9,,none,no,yes,"no_context, unvalidated",1,0.078,,Y,suspicious_and_no_semantic_match:0.078
mixedcurrencypayouts,REQ-013-HLJ-Chunk_2-Item_3-v1.0,req-013,meta70b,tags_v1,,,none,no,yes,"low_confidence, no_context, unvalidated",1,0.197,,Y,suspicious_and_no_semantic_match:0.197
dataretention,REQ-013-HLJ-Chunk_2-Item_5-v1.0,req-013,meta70b,tags_v1,,,none,no,yes,"low_confidence, no_context, unvalidated",1,0.067,,Y,suspicious_and_no_semantic_match:0.067
qualityassurance,REQ-013-HLJ-Chunk_2-Item_7-v1.0,req-013,meta70b,tags_v1,,,none,no,yes,"low_confidence, no_context, unvalidated",1,0.069,,Y,suspicious_and_no_semantic_match:0.069
root cause analysis,REQ-025-HLJ-Chunk_1-Item_4-v1.0,req-025,meta70b,tags_v1,,mapped_concepts,semantic,no,yes,low_confidence,3,0.188,,Y,suspicious_and_no_semantic_match:0.188
root cause analysis,REQ-025-HLJ-Chunk_1-Item_4-v1.0,req-025,meta70b,tags_v2,,mapped_concepts,semantic,no,yes,low_confidence,3,0.188,,Y,suspicious_and_no_semantic_match:0.188
notification,REQ-025-HLJ-Chunk_1-Item_5-v1.0,req-025,meta70b,tags_v1,,,none,yes,yes,"low_confidence, no_context, unvalidated",1,0.178,,Y,suspicious_and_no_semantic_match:0.178
automation,REQ-025-HLJ-Chunk_1-Item_6-v1.0,req-025,meta70b,tags_v1,,,none,yes,yes,"low_confidence, no_context, unvalidated",1,0.184,,Y,suspicious_and_no_semantic_match:0.184
reliability,REQ-025-HLJ-Chunk_1-Item_7-v1.0,req-025,meta70b,tags_v1,,,none,yes,yes,"low_confidence, no_context, unvalidated",1,0.145,,Y,suspicious_and_no_semantic_match:0.145
data protection,REQ-025-HLJ-Chunk_1-Item_8-v1.0,req-025,meta70b,tags_v1,,,none,yes,yes,"low_confidence, no_context, unvalidated",2,0.120,,Y,suspicious_and_no_semantic_match:0.120
schema,REQ-022-HLJ-Chunk_1-Item_1-v1.0,req-022,meta70b,tags_v1,,title,direct,no,yes,low_confidence,1,0.193,,Y,suspicious_and_no_semantic_match:0.193
schema,REQ-022-HLJ-Chunk_1-Item_1-v1.0,req-022,meta70b,tags_v2,,title,direct,no,yes,low_confidence,1,0.193,,Y,suspicious_and_no_semantic_match:0.193
implementation,REQ-022-HLJ-Chunk_1-Item_2-v1.0,req-022,meta70b,tags_v1,,,none,no,yes,"low_confidence, no_context, unvalidated",1,0.047,,Y,suspicious_and_no_semantic_match:0.047
masking,REQ-022-HLJ-Chunk_1-Item_5-v1.0,req-022,meta70b,tags_v1,,mapped_concepts,direct,no,yes,low_confidence,1,0.030,,Y,suspicious_and_no_semantic_match:0.030
masking,REQ-022-HLJ-Chunk_1-Item_5-v1.0,req-022,meta70b,tags_v2,,mapped_concepts,direct,no,yes,low_confidence,1,0.030,,Y,suspicious_and_no_semantic_match:0.030
edge cases,REQ-023-HLJ-Chunk_1-Item_3-v1.0,req-023,meta70b,tags_v1,0.92,mapped_concepts,direct,no,no,,2,0.129,,Y,suspicious_and_no_semantic_match:0.129
transparency,REQ-023-HLJ-Chunk_2-Item_8-v1.0,req-023,meta70b,tags_v1,,,none,yes,yes,"low_confidence, no_context, unvalidated",1,0.002,,Y,suspicious_and_no_semantic_match:0.002
data protection,REQ-023-HLJ-Chunk_2-Item_9-v1.0,req-023,meta70b,tags_v1,,,none,yes,yes,"low_confidence, no_context, unvalidated",2,0.182,,Y,suspicious_and_no_semantic_match:0.182
training,REQ-023-HLJ-Chunk_2-Item_10-v1.0,req-023,meta70b,tags_v1,,,none,yes,yes,"low_confidence, no_context, unvalidated",1,0.023,,Y,suspicious_and_no_semantic_match:0.023
dynamic content,REQ-024-HLJ-Chunk_1-Item_1-v1.0,req-024,meta70b,tags_v1,,,none,yes,yes,"low_confidence, no_context, unvalidated",2,0.173,,Y,suspicious_and_no_semantic_match:0.173
quality assurance,REQ-024-HLJ-Chunk_1-Item_3-v1.0,req-024,meta70b,tags_v1,,,none,yes,yes,"low_confidence, no_context, unvalidated",2,0.159,,Y,suspicious_and_no_semantic_match:0.159
data_visualization,REQ-024-HLJ-Chunk_2-Item_6-v1.0,req-024,meta70b,tags_v1,,,none,yes,yes,"low_confidence, no_context, unvalidated",1,0.092,,Y,suspicious_and_no_semantic_match:0.092
legal,REQ-024-HLJ-Chunk_2-Item_8-v1.0,req-024,meta70b,tags_v1,,,none,yes,yes,"low_confidence, no_context, unvalidated",1,0.023,,Y,suspicious_and_no_semantic_match:0.023
recipient_control,REQ-024-HLJ-Chunk_2-Item_9-v1.0,req-024,meta70b,tags_v1,,mapped_concepts,semantic,yes,yes,low_confidence,1,0.125,,Y,suspicious_and_no_semantic_match:0.125
recipient_control,REQ-024-HLJ-Chunk_2-Item_9-v1.0,req-024,meta70b,tags_v2,,mapped_concepts,semantic,yes,yes,low_confidence,1,0.125,,Y,suspicious_and_no_semantic_match:0.125
duplicates,REQ-024-HLJ-Chunk_2-Item_10-v1.0,req-024,meta70b,tags_v1,0.92,,none,no,yes,"no_context, unvalidated",1,0.061,,Y,suspicious_and_no_semantic_match:0.061
customfield,REQ-015-HLJ-Chunk_1-Item_2-v1.0,req-015,meta70b,tags_v1,0.94,,none,no,yes,"no_context, unvalidated",1,0.180,,Y,suspicious_and_no_semantic_match:0.180
flexibility,REQ-015-HLJ-Chunk_1-Item_2-v1.0,req-015,meta70b,tags_v1,,,none,yes,yes,"low_confidence, no_context, unvalidated",1,0.029,,Y,suspicious_and_no_semantic_match:0.029
authentication,REQ-015-HLJ-Chunk_1-Item_4-v1.0,req-015,meta70b,tags_v1,,,none,yes,yes,"low_confidence, no_context, unvalidated",1,0.179,,Y,suspicious_and_no_semantic_match:0.179
user-experience,REQ-015-HLJ-Chunk_1-Item_5-v1.0,req-015,meta70b,tags_v1,,,none,yes,yes,"low_confidence, no_context, unvalidated",1,0.102,,Y,suspicious_and_no_semantic_match:0.102
onboarding,REQ-015-HLJ-Chunk_1-Item_7-v1.0,req-015,meta70b,tags_v1,,,none,yes,yes,"low_confidence, no_context, unvalidated",1,0.128,,Y,suspicious_and_no_semantic_match:0.128
knowledge-base,REQ-015-HLJ-Chunk_1-Item_8-v1.0,req-015,meta70b,tags_v1,,,none,yes,yes,"low_confidence, no_context, unvalidated",1,0.150,,Y,suspicious_and_no_semantic_match:0.150
scalability,REQ-015-HLJ-Chunk_1-Item_9-v1.0,req-015,meta70b,tags_v1,0.95,,none,no,yes,"no_context, unvalidated",1,0.080,,Y,suspicious_and_no_semantic_match:0.080
performance,REQ-015-HLJ-Chunk_1-Item_9-v1.0,req-015,meta70b,tags_v1,,,none,no,yes,"low_confidence, no_context, unvalidated",1,0.026,,Y,suspicious_and_no_semantic_match:0.026
architecture,REQ-015-HLJ-Chunk_1-Item_9-v1.0,req-015,meta70b,tags_v1,,,none,yes,yes,"low_confidence, no_context, unvalidated",1,0.101,,Y,suspicious_and_no_semantic_match:0.101
regulation,REQ-015-HLJ-Chunk_1-Item_10-v1.0,req-015,meta70b,tags_v1,,,none,no,yes,"low_confidence, no_context, unvalidated",1,0.117,,Y,suspicious_and_no_semantic_match:0.117
risk-management,REQ-015-HLJ-Chunk_1-Item_10-v1.0,req-015,meta70b,tags_v1,,,none,yes,yes,"low_confidence, no_context, unvalidated",1,0.156,,Y,suspicious_and_no_semantic_match:0.156
handoff,REQ-002-HLJ-Chunk_1-Item_3-v1.0,req-002,meta70b,tags_v1,,,none,no,yes,"low_confidence, no_context, unvalidated",1,0.131,,Y,suspicious_and_no_semantic_match:0.131
edgecase,REQ-002-HLJ-Chunk_1-Item_5-v1.0,req-002,meta70b,tags_v1,,source_fragment,semantic,no,yes,low_confidence,1,0.076,,Y,suspicious_and_no_semantic_match:0.076
edgecase,REQ-002-HLJ-Chunk_1-Item_5-v1.0,req-002,meta70b,tags_v2,,source_fragment,semantic,no,yes,low_confidence,1,0.076,,Y,suspicious_and_no_semantic_match:0.076
encryption,REQ-002-HLJ-Chunk_2-Item_7-v1.0,req-002,meta70b,tags_v1,,mapped_concepts,direct,no,yes,low_confidence,1,0.146,,Y,suspicious_and_no_semantic_match:0.146
encryption,REQ-002-HLJ-Chunk_2-Item_7-v1.0,req-002,meta70b,tags_v2,,mapped_concepts,direct,no,yes,low_confidence,1,0.146,,Y,suspicious_and_no_semantic_match:0.146
accessibility,REQ-002-HLJ-Chunk_2-Item_9-v1.0,req-002,meta70b,tags_v1,,,none,yes,yes,"low_confidence, no_context, unvalidated",1,0.144,,Y,suspicious_and_no_semantic_match:0.144
edgecases,REQ-005-HLJ-Chunk_1-Item_5-v1.0,req-005,meta70b,tags_v1,0.9,,none,no,yes,"no_context, unvalidated",1,0.009,,Y,suspicious_and_no_semantic_match:0.009
dataclassification,REQ-004-HLJ-Chunk_1-Item_2-v1.0,req-004,meta70b,tags_v1,,,none,no,yes,"low_confidence, no_context, unvalidated",1,0.041,,Y,suspicious_and_no_semantic_match:0.041
datalineage,REQ-004-HLJ-Chunk_1-Item_3-v1.0,req-004,meta70b,tags_v1,0.92,,none,no,yes,"no_context, unvalidated",1,0.081,,Y,suspicious_and_no_semantic_match:0.081
righttoerasure,REQ-004-HLJ-Chunk_1-Item_4-v1.0,req-004,meta70b,tags_v1,,,none,no,yes,"low_confidence, no_context, unvalidated",1,-0.030,,Y,suspicious_and_no_semantic_match:-0.030
edgecases,REQ-004-HLJ-Chunk_1-Item_7-v1.0,req-004,meta70b,tags_v1,,title,semantic,no,yes,low_confidence,1,-0.022,,Y,suspicious_and_no_semantic_match:-0.022
edgecase,REQ-004-HLJ-Chunk_1-Item_7-v1.0,req-004,meta70b,tags_v2,,,,no,yes,"low_confidence, no_context, unvalidated",1,-0.046,,Y,suspicious_and_no_semantic_match:-0.046
edgecases,REQ-004-HLJ-Chunk_2-Item_2-v1.0,req-004,meta70b,tags_v1,,,none,no,yes,"low_confidence, no_context, unvalidated",1,-0.022,,Y,suspicious_and_no_semantic_match:-0.022
simulation,REQ-004-HLJ-Chunk_2-Item_2-v1.0,req-004,meta70b,tags_v1,,,none,yes,yes,"low_confidence, no_context, unvalidated",1,-0.127,,Y,suspicious_and_no_semantic_match:-0.127
officertraining,REQ-004-HLJ-Chunk_2-Item_3-v1.0,req-004,meta70b,tags_v1,,,none,yes,yes,"low_confidence, no_context, unvalidated",1,0.016,,Y,suspicious_and_no_semantic_match:0.016
transitionplan,REQ-004-HLJ-Chunk_2-Item_5-v1.0,req-004,meta70b,tags_v1,,,none,yes,yes,"low_confidence, no_context, unvalidated",1,-0.033,,Y,suspicious_and_no_semantic_match:-0.033
realtime,REQ-003-HLJ-Chunk_1-Item_2-v1.0,req-003,meta70b,tags_v1,0.9,,none,no,yes,"no_context, unvalidated",1,0.120,,Y,suspicious_and_no_semantic_match:0.120
edgecases,REQ-003-HLJ-Chunk_1-Item_3-v1.0,req-003,meta70b,tags_v1,0.9,,none,no,yes,"no_context, unvalidated",1,0.113,,Y,suspicious_and_no_semantic_match:0.113
falsepositives,REQ-003-HLJ-Chunk_1-Item_3-v1.0,req-003,meta70b,tags_v1,0.88,,none,no,yes,"no_context, unvalidated",1,0.023,,Y,suspicious_and_no_semantic_match:0.023
accuracy,REQ-003-HLJ-Chunk_1-Item_3-v1.0,req-003,meta70b,tags_v1,,,none,yes,yes,"low_confidence, no_context, unvalidated",1,0.107,,Y,suspicious_and_no_semantic_match:0.107
data_protection,REQ-003-HLJ-Chunk_1-Item_5-v1.0,req-003,meta70b,tags_v1,,,none,yes,yes,"low_confidence, no_context, unvalidated",1,0.167,,Y,suspicious_and_no_semantic_match:0.167
interoperability,REQ-003-HLJ-Chunk_1-Item_6-v1.0,req-003,meta70b,tags_v1,,,none,yes,yes,"low_confidence, no_context, unvalidated",1,0.076,,Y,suspicious_and_no_semantic_match:0.076
governance,REQ-003-HLJ-Chunk_1-Item_7-v1.0,req-003,meta70b,tags_v1,,,none,yes,yes,"low_confidence, no_context, unvalidated",1,0.030,,Y,suspicious_and_no_semantic_match:0.030
logic development,REQ-010-HLJ-Chunk_1-Item_3-v1.0,req-010,meta70b,tags_v1,,,none,no,yes,"low_confidence, no_context, unvalidated",2,0.174,,Y,suspicious_and_no_semantic_match:0.174
batch-processing,REQ-010-HLJ-Chunk_1-Item_4-v1.0,req-010,meta70b,tags_v1,,source_fragment,semantic,no,yes,low_confidence,1,0.129,,Y,suspicious_and_no_semantic_match:0.129
batchprocessing,REQ-010-HLJ-Chunk_1-Item_4-v1.0,req-010,meta70b,tags_v2,,,,no,yes,"low_confidence, no_context, unvalidated",1,0.014,,Y,suspicious_and_no_semantic_match:0.014
test-plans,REQ-010-HLJ-Chunk_1-Item_5-v1.0,req-010,meta70b,tags_v1,,source_fragment,semantic,no,yes,low_confidence,1,0.054,,Y,suspicious_and_no_semantic_match:0.054
scenario-based testing,REQ-010-HLJ-Chunk_1-Item_5-v1.0,req-010,meta70b,tags_v1,,mapped_concepts,direct,no,yes,low_confidence,2,0.125,,Y,suspicious_and_no_semantic_match:0.125
test-plans,REQ-010-HLJ-Chunk_1-Item_5-v1.0,req-010,meta70b,tags_v2,,source_fragment,semantic,no,yes,low_confidence,1,0.054,,Y,suspicious_and_no_semantic_match:0.054
scenario-based testing,REQ-010-HLJ-Chunk_1-Item_5-v1.0,req-010,meta70b,tags_v2,,mapped_concepts,direct,no,yes,low_confidence,2,0.125,,Y,suspicious_and_no_semantic_match:0.125
anomaly-detection,REQ-010-HLJ-Chunk_1-Item_6-v1.0,req-010,meta70b,tags_v1,,mapped_concepts,semantic,no,yes,low_confidence,1,0.120,,Y,suspicious_and_no_semantic_match:0.120
anomaly detection,REQ-010-HLJ-Chunk_1-Item_6-v1.0,req-010,meta70b,tags_v2,,,,no,yes,"low_confidence, no_context, unvalidated",2,0.114,,Y,suspicious_and_no_semantic_match:0.114
api-documentation,REQ-010-HLJ-Chunk_1-Item_7-v1.0,req-010,meta70b,tags_v1,,source_fragment,semantic,no,yes,low_confidence,1,0.097,,Y,suspicious_and_no_semantic_match:0.097
api-documentation,REQ-010-HLJ-Chunk_1-Item_7-v1.0,req-010,meta70b,tags_v2,,source_fragment,semantic,no,yes,low_confidence,1,0.097,,Y,suspicious_and_no_semantic_match:0.097
access-control,REQ-010-HLJ-Chunk_1-Item_9-v1.0,req-010,meta70b,tags_v1,,mapped_concepts,semantic,no,yes,low_confidence,1,0.129,,Y,suspicious_and_no_semantic_match:0.129
access control,REQ-010-HLJ-Chunk_1-Item_9-v1.0,req-010,meta70b,tags_v2,,,,no,yes,"low_confidence, no_context, unvalidated",2,0.126,,Y,suspicious_and_no_semantic_match:0.126
regulatory-standards,REQ-010-HLJ-Chunk_1-Item_10-v1.0,req-010,meta70b,tags_v1,,source_fragment,semantic,no,yes,low_confidence,1,0.146,,Y,suspicious_and_no_semantic_match:0.146
regulatory-standards,REQ-010-HLJ-Chunk_1-Item_10-v1.0,req-010,meta70b,tags_v2,,source_fragment,semantic,no,yes,low_confidence,1,0.146,,Y,suspicious_and_no_semantic_match:0.146
mismatch-detection,REQ-010-HLJ-Chunk_2-Item_1-v1.0,req-010,meta70b,tags_v1,,,none,no,yes,"low_confidence, no_context, unvalidated",1,0.126,,Y,suspicious_and_no_semantic_match:0.126
conversion-logic,REQ-010-HLJ-Chunk_2-Item_4-v1.0,req-010,meta70b,tags_v1,,,none,no,yes,"low_confidence, no_context, unvalidated",1,0.099,,Y,suspicious_and_no_semantic_match:0.099
alerting,REQ-010-HLJ-Chunk_2-Item_5-v1.0,req-010,meta70b,tags_v1,,,none,no,yes,"low_confidence, no_context, unvalidated",1,0.069,,Y,suspicious_and_no_semantic_match:0.069
metrics,REQ-028-HLJ-Chunk_1-Item_4-v1.0,req-028,meta70b,tags_v1,0.93,,none,no,yes,"no_context, unvalidated",1,0.136,,Y,suspicious_and_no_semantic_match:0.136
edgecases,REQ-028-HLJ-Chunk_1-Item_5-v1.0,req-028,meta70b,tags_v1,,,none,no,yes,"low_confidence, no_context, unvalidated",1,0.125,,Y,suspicious_and_no_semantic_match:0.125
logging,REQ-028-HLJ-Chunk_1-Item_6-v1.0,req-028,meta70b,tags_v1,0.93,,none,no,yes,"no_context, unvalidated",1,0.167,,Y,suspicious_and_no_semantic_match:0.167
metrics,REQ-028-HLJ-Chunk_1-Item_9-v1.0,req-028,meta70b,tags_v1,0.93,,none,no,yes,"no_context, unvalidated",1,0.136,,Y,suspicious_and_no_semantic_match:0.136
buyin,REQ-028-HLJ-Chunk_1-Item_10-v1.0,req-028,meta70b,tags_v1,0.93,,none,no,yes,"no_context, unvalidated",1,0.092,,Y,suspicious_and_no_semantic_match:0.092
compliance,REQ-017-HLJ-Chunk_1-Item_1-v1.0,req-017,meta70b,tags_v1,,,none,yes,yes,"low_confidence, no_context, unvalidated",1,0.163,,Y,suspicious_and_no_semantic_match:0.163
compliance,REQ-017-HLJ-Chunk_1-Item_2-v1.0,req-017,meta70b,tags_v1,,,none,yes,yes,"low_confidence, no_context, unvalidated",1,0.163,,Y,suspicious_and_no_semantic_match:0.163
user experience,REQ-017-HLJ-Chunk_1-Item_4-v1.0,req-017,meta70b,tags_v1,,,none,no,yes,"low_confidence, no_context, unvalidated",2,0.014,,Y,suspicious_and_no_semantic_match:0.014
alerts,REQ-017-HLJ-Chunk_1-Item_4-v1.0,req-017,meta70b,tags_v1,,,none,yes,yes,"low_confidence, no_context, unvalidated",1,0.131,,Y,suspicious_and_no_semantic_match:0.131
documentation,REQ-017-HLJ-Chunk_1-Item_5-v1.0,req-017,meta70b,tags_v1,,mapped_concepts,direct,no,yes,low_confidence,1,0.200,,Y,suspicious_and_no_semantic_match:0.200
knowledge base,REQ-017-HLJ-Chunk_1-Item_5-v1.0,req-017,meta70b,tags_v1,,,none,yes,yes,"low_confidence, no_context, unvalidated",2,0.060,,Y,suspicious_and_no_semantic_match:0.060
documentation,REQ-017-HLJ-Chunk_1-Item_5-v1.0,req-017,meta70b,tags_v2,,mapped_concepts,direct,no,yes,low_confidence,1,0.200,,Y,suspicious_and_no_semantic_match:0.200
taxation,REQ-017-HLJ-Chunk_1-Item_7-v1.0,req-017,meta70b,tags_v1,0.91,,none,no,yes,"no_context, unvalidated",1,0.065,,Y,suspicious_and_no_semantic_match:0.065
compliance,REQ-017-HLJ-Chunk_1-Item_7-v1.0,req-017,meta70b,tags_v1,,summary,direct,no,yes,low_confidence,1,0.163,,Y,suspicious_and_no_semantic_match:0.163
compliance,REQ-017-HLJ-Chunk_1-Item_7-v1.0,req-017,meta70b,tags_v2,,summary,direct,no,yes,low_confidence,1,0.163,,Y,suspicious_and_no_semantic_match:0.163
flags,REQ-017-HLJ-Chunk_1-Item_9-v1.0,req-017,meta70b,tags_v1,,,none,yes,yes,"low_confidence, no_context, unvalidated",1,0.008,,Y,suspicious_and_no_semantic_match:0.008
quality assurance,REQ-017-HLJ-Chunk_1-Item_10-v1.0,req-017,meta70b,tags_v1,,mapped_concepts,direct,no,yes,low_confidence,2,0.191,,Y,suspicious_and_no_semantic_match:0.191
quality assurance,REQ-017-HLJ-Chunk_1-Item_10-v1.0,req-017,meta70b,tags_v2,,mapped_concepts,direct,no,yes,low_confidence,2,0.191,,Y,suspicious_and_no_semantic_match:0.191
user_interface,REQ-019-HLJ-Chunk_1-Item_1-v1.0,req-019,meta70b,tags_v1,,,none,no,yes,"low_confidence, no_context, unvalidated",1,0.026,,Y,suspicious_and_no_semantic_match:0.026
automation,REQ-019-HLJ-Chunk_1-Item_2-v1.0,req-019,meta70b,tags_v1,,mapped_concepts,direct,no,yes,low_confidence,1,0.040,,Y,suspicious_and_no_semantic_match:0.040
automation,REQ-019-HLJ-Chunk_1-Item_2-v1.0,req-019,meta70b,tags_v2,,mapped_concepts,direct,no,yes,low_confidence,1,0.040,,Y,suspicious_and_no_semantic_match:0.040
visualization,REQ-026-HLJ-Chunk_2-Item_6-v1.0,req-026,meta70b,tags_v1,,,none,no,yes,"low_confidence, no_context, unvalidated",1,0.074,,Y,suspicious_and_no_semantic_match:0.074
crm_integration,REQ-026-HLJ-Chunk_2-Item_7-v1.0,req-026,meta70b,tags_v1,0.98,,none,no,yes,"no_context, unvalidated",1,0.140,,Y,suspicious_and_no_semantic_match:0.140
opt_out,REQ-026-HLJ-Chunk_2-Item_9-v1.0,req-026,meta70b,tags_v1,,source_fragment,semantic,no,yes,low_confidence,1,0.133,,Y,suspicious_and_no_semantic_match:0.133
opt_out,REQ-026-HLJ-Chunk_2-Item_9-v1.0,req-026,meta70b,tags_v2,,source_fragment,semantic,no,yes,low_confidence,1,0.133,,Y,suspicious_and_no_semantic_match:0.133
edge_cases,REQ-026-HLJ-Chunk_2-Item_10-v1.0,req-026,meta70b,tags_v1,0.95,,none,no,yes,"no_context, unvalidated",1,0.054,,Y,suspicious_and_no_semantic_match:0.054
device_coordination,REQ-026-HLJ-Chunk_2-Item_10-v1.0,req-026,meta70b,tags_v1,,mapped_concepts,direct,no,yes,low_confidence,1,0.129,,Y,suspicious_and_no_semantic_match:0.129
device_coordination,REQ-026-HLJ-Chunk_2-Item_10-v1.0,req-026,meta70b,tags_v2,,mapped_concepts,direct,no,yes,low_confidence,1,0.129,,Y,suspicious_and_no_semantic_match:0.129
edge_cases,REQ-026-HLJ-Chunk_2-Item_11-v1.0,req-026,meta70b,tags_v1,0.95,,none,no,yes,"no_context, unvalidated",1,0.054,,Y,suspicious_and_no_semantic_match:0.054
trigger_prioritization,REQ-026-HLJ-Chunk_2-Item_11-v1.0,req-026,meta70b,tags_v1,,mapped_concepts,direct,no,yes,low_confidence,1,0.163,,Y,suspicious_and_no_semantic_match:0.163
trigger_prioritization,REQ-026-HLJ-Chunk_2-Item_11-v1.0,req-026,meta70b,tags_v2,,mapped_concepts,direct,no,yes,low_confidence,1,0.163,,Y,suspicious_and_no_semantic_match:0.163
data integrity,REQ-018-HLJ-Chunk_1-Item_6-v1.0,req-018,meta70b,tags_v1,,,none,yes,yes,"low_confidence, no_context, unvalidated",2,0.185,,Y,suspicious_and_no_semantic_match:0.185
compatibility,REQ-018-HLJ-Chunk_1-Item_7-v1.0,req-018,meta70b,tags_v1,,,none,yes,yes,"low_confidence, no_context, unvalidated",1,0.169,,Y,suspicious_and_no_semantic_match:0.169
knowledge base,REQ-018-HLJ-Chunk_1-Item_8-v1.0,req-018,meta70b,tags_v1,,,none,yes,yes,"low_confidence, no_context, unvalidated",2,0.199,,Y,suspicious_and_no_semantic_match:0.199
globalization,REQ-027-HLJ-Chunk_1-Item_1-v1.0,req-027,meta70b,tags_v1,,,none,yes,yes,"low_confidence, no_context, unvalidated",1,0.159,,Y,suspicious_and_no_semantic_match:0.159
logging,REQ-020-HLJ-Chunk_1-Item_6-v1.0,req-020,meta70b,tags_v1,0.88,,none,no,yes,"no_context, unvalidated",1,0.137,,Y,suspicious_and_no_semantic_match:0.137
security protocol,REQ-029-HLJ-Chunk_1-Item_4-v1.0,req-029,meta70b,tags_v1,,,none,yes,yes,"low_confidence, no_context, unvalidated",2,0.186,,Y,suspicious_and_no_semantic_match:0.186
detection,REQ-029-HLJ-Chunk_1-Item_5-v1.0,req-029,meta70b,tags_v1,,mapped_concepts,direct,no,yes,low_confidence,1,0.076,,Y,suspicious_and_no_semantic_match:0.076
detection,REQ-029-HLJ-Chunk_1-Item_5-v1.0,req-029,meta70b,tags_v2,,mapped_concepts,direct,no,yes,low_confidence,1,0.076,,Y,suspicious_and_no_semantic_match:0.076
performance,REQ-029-HLJ-Chunk_2-Item_9-v1.0,req-029,meta70b,tags_v1,,summary,direct,no,yes,low_confidence,1,0.117,,Y,suspicious_and_no_semantic_match:0.117
performance,REQ-029-HLJ-Chunk_2-Item_9-v1.0,req-029,meta70b,tags_v2,,summary,direct,no,yes,low_confidence,1,0.117,,Y,suspicious_and_no_semantic_match:0.117
usability,REQ-016-HLJ-Chunk_1-Item_2-v1.0,req-016,meta70b,tags_v1,,,none,yes,yes,"low_confidence, no_context, unvalidated",1,0.053,,Y,suspicious_and_no_semantic_match:0.053
adaptability,REQ-016-HLJ-Chunk_1-Item_3-v1.0,req-016,meta70b,tags_v1,,,none,yes,yes,"low_confidence, no_context, unvalidated",1,0.017,,Y,suspicious_and_no_semantic_match:0.017
usernotification,REQ-016-HLJ-Chunk_1-Item_5-v1.0,req-016,meta70b,tags_v1,,,none,no,yes,"low_confidence, no_context, unvalidated",1,0.126,,Y,suspicious_and_no_semantic_match:0.126
userguidance,REQ-016-HLJ-Chunk_1-Item_6-v1.0,req-016,meta70b,tags_v1,,,none,no,yes,"low_confidence, no_context, unvalidated",1,0.066,,Y,suspicious_and_no_semantic_match:0.066
exceptiontracking,REQ-016-HLJ-Chunk_1-Item_7-v1.0,req-016,meta70b,tags_v1,,,none,no,yes,"low_confidence, no_context, unvalidated",1,0.056,,Y,suspicious_and_no_semantic_match:0.056
edgecases,REQ-011-HLJ-Chunk_1-Item_4-v1.0,req-011,meta70b,tags_v1,,source_fragment,semantic,no,yes,low_confidence,1,0.025,,Y,suspicious_and_no_semantic_match:0.025
edgecase,REQ-011-HLJ-Chunk_1-Item_4-v1.0,req-011,meta70b,tags_v2,,,,no,yes,"low_confidence, no_context, unvalidated",1,0.036,,Y,suspicious_and_no_semantic_match:0.036
